trace_id,plaintext,ciphertext,key
0,b7797e4bb7149452a28cb1abe2188939,b3db21bd5a5574da2317f54c8d35446a,6f989ad7c36dfac7bdb9caaf09415b50
1,ad62fa0e2a1c8ab972c6ad6fbfcfd9ad,42ac54af896cd2e2152554a5536d6e8f,6f989ad7c36dfac7bdb9caaf09415b50
2,af10b90b00a742ee2ba4bc11ff37da0b,14c916ac1a0e756711388d5224669973,6f989ad7c36dfac7bdb9caaf09415b50
3,a481531c09e3c63f50ce70481be76c3d,7d68e5c4b27f729f1af48470ae7a6da1,6f989ad7c36dfac7bdb9caaf09415b50
4,cf474b62e1ddbb646cec26ddf3d4b39b,318fd72ce64bd20e66ed992d22f804e2,6f989ad7c36dfac7bdb9caaf09415b50
5,f2bdc6b453eecf48c9d65fbf7fa5e930,bcd7beef9e8185ac5e3df5451f1c8fcc,6f989ad7c36dfac7bdb9caaf09415b50
6,45e16593f69e1e16495d1402fe4ad6a3,d6d5dd4be69aa17c2d7d89025f639f4f,6f989ad7c36dfac7bdb9caaf09415b50
7,f1fc46cf12fd4f70c51f447ae87267eb,fd5a5a01a660d8c2a7c077adc470d6c0,6f989ad7c36dfac7bdb9caaf09415b50
8,913c01e2068efbf18db9c6d5ed44c544,94c8f62d5752a42dbd68cdfeaf34b450,6f989ad7c36dfac7bdb9caaf09415b50
9,d1374268cff8238b51e6313f20070f13,8f74c36f62814bb1b04402ec50012a71,6f989ad7c36dfac7bdb9caaf09415b50
10,99e27fe1bc93e1d500d5e3ee54e70d38,aea2de86ad9bbb4161d7b44269d9cbfd,6f989ad7c36dfac7bdb9caaf09415b50
11,47179f617c16035b1b8ab9e67bff0c01,f9a6862de5bafdc1c3d91f0b51961087,6f989ad7c36dfac7bdb9caaf09415b50
12,dbd234c1605060683ddfe0f392f99606,40397b843678ca7d8846fe018414166b,6f989ad7c36dfac7bdb9caaf09415b50
13,bae86f40a16b883bcd4c0318d84c2e2d,0ef9fa0e9d490f40c7cc8f90d1a1c425,6f989ad7c36dfac7bdb9caaf09415b50
14,5d807ada99f70e70593144ad3bd889cf,3f2760ca4e49a4c79ea77273a9299fe1,6f989ad7c36dfac7bdb9caaf09415b50
15,5520c93b099655581545af195797d0ab,2134fd273772fa30be449832031197a8,6f989ad7c36dfac7bdb9caaf09415b50
16,6ed43190d565cc76195843cdbce89431,c11c5bcca439d803630e25d3c645536e,6f989ad7c36dfac7bdb9caaf09415b50
17,5d7920978d92534f297268d7f23c578e,0efcf31f007a1cfb3373f02a74d8b6ed,6f989ad7c36dfac7bdb9caaf09415b50
18,2e65522743fc2ee6c7d92c0ed8080fce,6653cc13aca3c374e19d60cae3e7cc86,6f989ad7c36dfac7bdb9caaf09415b50
19,10de534e597f26e1e7967604aeca62d4,4059b7c53ccfee859a72226763cef8b3,6f989ad7c36dfac7bdb9caaf09415b50
20,b8933f4b0e16b74791cee5ce66413cdc,dce36ffbd29a90c0d1c4d3869c3ca780,6f989ad7c36dfac7bdb9caaf09415b50
21,57d9fda8c52f80bb696af6f8078b0e70,be8b9025530e9a6db75168956d22ed94,6f989ad7c36dfac7bdb9caaf09415b50
22,574c8c69e9a1e54b69fd3c874048bb68,257e4a24454488716d5bd02a44527f90,6f989ad7c36dfac7bdb9caaf09415b50
23,ab4b1bef4b4f0aa620a36c148af94cc2,311a7f98b59d1f0801c4466e9cc36dfa,6f989ad7c36dfac7bdb9caaf09415b50
24,9f6df1b86f626292c3ad88615bd56a2e,0065febc4ebac681f72c52bc73004464,6f989ad7c36dfac7bdb9caaf09415b50
25,636bb3909aab585d42658e154bde7453,e853251b4accd4a41950d22c574b2cd8,6f989ad7c36dfac7bdb9caaf09415b50
26,22025c923a6c15f7a7f37ac07be75a9f,a6f0a1a29b6eff3659bf1ba7fc2c5b9c,6f989ad7c36dfac7bdb9caaf09415b50
27,74fde441e783b375ae57b00528e1999e,2ca5f69c786ae044adaa40a27472a109,6f989ad7c36dfac7bdb9caaf09415b50
28,6f640cd908494104140591cffbeb52a0,59f865e6d126dc36f28f7eab3b072cc0,6f989ad7c36dfac7bdb9caaf09415b50
29,a079c6a2d92e27d7490607a1fbe0c433,6751e02d453410406f21029e7d931060,6f989ad7c36dfac7bdb9caaf09415b50
30,bcf12f7a36afc5d35351e621e9534590,2c139c2698e45b8ae7f09b2f7924dfa4,6f989ad7c36dfac7bdb9caaf09415b50
31,4323a8e3ac3ed4406966c63b59d844f9,08f3c79b5cbac8706873165935100cd3,6f989ad7c36dfac7bdb9caaf09415b50
32,56d980a6adeaee691f9701b69e96e465,c5144fe4541ab59fdfe6e7417430cb3a,6f989ad7c36dfac7bdb9caaf09415b50
33,8e34b6398b4c88255592975afe2d409b,fd0d5199d57325943d9acd04bf363180,6f989ad7c36dfac7bdb9caaf09415b50
34,0312aea3b936a49bfccece704628d2ba,4ef6d60e21fa890506927f505268cf02,6f989ad7c36dfac7bdb9caaf09415b50
35,03456d815b0514989c942e6189d705f5,27842674cd4fc3e18217dbdfe953e3cc,6f989ad7c36dfac7bdb9caaf09415b50
36,4f111fde02f85aa8c92c7e703b7a0315,1e20e03a6b60e3fb4221f370cc0fd948,6f989ad7c36dfac7bdb9caaf09415b50
37,db705c5fa35abde12545183cc40f5152,1ef7e01da4ca0be7e71fe032f28fb4e0,6f989ad7c36dfac7bdb9caaf09415b50
38,6de034f8d934653599c84b48fb1514b7,faa5e2c86c5870b2508a93818e3d4ded,6f989ad7c36dfac7bdb9caaf09415b50
39,623f9c01fe6658ff146ffb59be84b343,923b6be7720286843b0fcb38e60cee2d,6f989ad7c36dfac7bdb9caaf09415b50
40,040b4225333cf95c16ff5346e7c79cb3,22308cc2456f93301a2fff262d7f45bf,6f989ad7c36dfac7bdb9caaf09415b50
41,5c69dc74d7c060aee94bba4d03cfa629,ee592c148bdd256836770c1e9d281582,6f989ad7c36dfac7bdb9caaf09415b50
42,aa2440cd1e644c5e9d2ca00199e263a2,810899c92ba0f28c16bcbb9ea8070cfa,6f989ad7c36dfac7bdb9caaf09415b50
43,8435985b6cb05159fc2d20bfe19582ec,51d07d75d221b795c23e16f7ae20bd97,6f989ad7c36dfac7bdb9caaf09415b50
44,7962ad6bab3ae4a3617f710dfabd13ab,750addf12c29d0273a44ebabe5e44c45,6f989ad7c36dfac7bdb9caaf09415b50
45,2f9121498e89331c49122abffe701552,908947de9760ece0153b78f211013dce,6f989ad7c36dfac7bdb9caaf09415b50
46,03eb5a29149fb96ac1594f802ddf247e,a163808619f9606e5ee8076a0aed4769,6f989ad7c36dfac7bdb9caaf09415b50
47,a75f2ed869c1e573932a5693ff530311,314fa36024f7f6585f8cd8be0c385dc0,6f989ad7c36dfac7bdb9caaf09415b50
48,32ed7c1ce3aeafbaf8d11fa2c601ac1e,96ac91678c3a8c22c7920767847fcf8b,6f989ad7c36dfac7bdb9caaf09415b50
49,ed776477b7966899089f071e8d8365d0,deef21a44303045e2c8e3480d661b207,6f989ad7c36dfac7bdb9caaf09415b50
50,96856c86bde2b8358e13ca13dd642eee,9072e298250b405378805839f8749c24,6f989ad7c36dfac7bdb9caaf09415b50
51,5e49e7583b2f989fb8bf9584ac728a49,3273f220e38424304422d17f7df3905e,6f989ad7c36dfac7bdb9caaf09415b50
52,8da201a260561e4fd5e114986ae4eb25,fc3dd09cb313c1699d766a017b4e6dad,6f989ad7c36dfac7bdb9caaf09415b50
53,658ac7f626029ff2eb68359d48c4b740,c3623fca411d4b6888de9799be926ee9,6f989ad7c36dfac7bdb9caaf09415b50
54,e793f42e00d858c0d4f3da6f1e2f48b2,2f0cfc66e1ceb0b2f1522ff75897b7c8,6f989ad7c36dfac7bdb9caaf09415b50
55,67e4d455d6634d9db9a45d6e6c187f73,28e96fe675b5139b3787d2f61e8fefc3,6f989ad7c36dfac7bdb9caaf09415b50
56,5fd6e75aa2770274618cf69bc2c82f2d,88a382f16359be302a683d155e34f807,6f989ad7c36dfac7bdb9caaf09415b50
57,af0f94b5aa75b5d429023054e37ff66b,c097720c910c8b42854e6e395b5f96e1,6f989ad7c36dfac7bdb9caaf09415b50
58,3ea35084055ff7cde46e28aa9ec92d97,f214d531317b2cdc3f2ee7f7d1f4592f,6f989ad7c36dfac7bdb9caaf09415b50
59,98f6e363f759395f68bcfa30451a4988,d53bc33a24ea2dd5fde6a1246276c1c2,6f989ad7c36dfac7bdb9caaf09415b50
60,a8560504f49d581bff6fafc12780af52,138a19fa8a39e0893077af9764043175,6f989ad7c36dfac7bdb9caaf09415b50
61,a3602766f64319052d3eed89e5ada41c,ba6db3f9e7fedf7cd4c79d7468b17f93,6f989ad7c36dfac7bdb9caaf09415b50
62,58017aa2194c5d5217bbad1c142df6a9,820129f25f23c1d0be65d073e258681f,6f989ad7c36dfac7bdb9caaf09415b50
63,34dd259d4fb88708dea4eb0afc6723f6,d8bdb25ef1cd8cdcc9448f9dd4128abc,6f989ad7c36dfac7bdb9caaf09415b50
64,7128f44f36a305ae3b27346b645e292f,b174a46efff196791176b0ef9d1cc857,6f989ad7c36dfac7bdb9caaf09415b50
65,6ae01630506ead23efa38bec7d749269,a149be7117f07fea84678e3d16cefd55,6f989ad7c36dfac7bdb9caaf09415b50
66,69801c9451ce70c37de7557c7aa528a1,4f754ab4cb0f3e2593dd22db2334f6d9,6f989ad7c36dfac7bdb9caaf09415b50
67,1adf7ea847d0fafb013ad93f9731c8c6,d5f4844825f6eda8752664f12eec8799,6f989ad7c36dfac7bdb9caaf09415b50
68,42630bb1e8eda33be1107a6e86a49d6b,2a721caad753a7b6ec5bce1ca53e0364,6f989ad7c36dfac7bdb9caaf09415b50
69,61c401b9cff0dbed4d654724c076066b,b6064fdc9c05001d641b1d9a3d3afa30,6f989ad7c36dfac7bdb9caaf09415b50
70,fd657bdcc89db22a51adb03604f6e7f1,90412d90f13bb957782f74dfcd1dbf9f,6f989ad7c36dfac7bdb9caaf09415b50
71,df94964ae64cc192f95b144f5cccfe3a,206b89abe976ebd60d9499241ad6392b,6f989ad7c36dfac7bdb9caaf09415b50
72,61369d2ea4434de30e4dfc19a04d8055,4fa7354840b2275d8fa163b7038049cc,6f989ad7c36dfac7bdb9caaf09415b50
73,ecc0178a6dedf24dc541e1299db9a69f,6166935d6c067903cd0cff8638314d68,6f989ad7c36dfac7bdb9caaf09415b50
74,6130b498766b31a8c7fe8f13b19dbd41,85fbc53c30022b1ad37c3817c8a40b9e,6f989ad7c36dfac7bdb9caaf09415b50
75,61194f7ab499f8b90bdca6ee11c8e612,2aea3b461d1e0436b882bd71db06cb6a,6f989ad7c36dfac7bdb9caaf09415b50
76,3e8732400e18a466cf50d0eb11500744,b3cbdb3c2febb30893384421f6215597,6f989ad7c36dfac7bdb9caaf09415b50
77,f2c41ff0c1967da4a8c202875e8b025f,4092ecc4bac99ac71b45931e1842e058,6f989ad7c36dfac7bdb9caaf09415b50
78,5f0805aa2bc447c3800cccbb2f9d6fd5,14a42d1370c62668137def6cfc3a8a08,6f989ad7c36dfac7bdb9caaf09415b50
79,beb890e8e798f8c44e4d2b617124c0be,cbc8771a2ba42f4c9a53c40851287ca0,6f989ad7c36dfac7bdb9caaf09415b50
80,aa8aedfa12f078cb5774972c638d74e9,a8d81320f4ce0eb621aa450f4c1410fd,6f989ad7c36dfac7bdb9caaf09415b50
81,88b209b3f13ce74d489aee86a322b1e4,ea1ce6974027d317da32b95a8d591672,6f989ad7c36dfac7bdb9caaf09415b50
82,db9bb28a4ce36e9c91a7a14ae878d4f0,9eef3b7cded7df1dfe3764d6bd26fecb,6f989ad7c36dfac7bdb9caaf09415b50
83,85973fe5edf04d7c8d07da1dd5e40bdc,eaf40b3dbb15efbca8c6c85fa626d4ae,6f989ad7c36dfac7bdb9caaf09415b50
84,e88ea45168486a23acf32117362bd994,e7e86bf255fb049d51e54a94fb9b0a8f,6f989ad7c36dfac7bdb9caaf09415b50
85,7874b9482360a3dbb7aa3b7c497eb26a,ee3b50ef23533e13466d7da24f803215,6f989ad7c36dfac7bdb9caaf09415b50
86,f92242f7728c504e07b097d44809433a,72e421a9c8cb43a0f4c9c5998cadb012,6f989ad7c36dfac7bdb9caaf09415b50
87,e1974c016d16bac93e4413d62087378b,2dddcee1e08896f09390965a63e8887f,6f989ad7c36dfac7bdb9caaf09415b50
88,a13fe32fdd020b5612abfb2454d842d0,91430da4a7bdb70a709ef53d42d87956,6f989ad7c36dfac7bdb9caaf09415b50
89,82bc28ea8e5e641949d43c08c1c715b4,7fdd6dd7b57cfa197c22693109b01b13,6f989ad7c36dfac7bdb9caaf09415b50
90,704950fb5c68859a8a0fc1a24a79f586,6092c06ada0948c85779a7ffa73b5625,6f989ad7c36dfac7bdb9caaf09415b50
91,b52fcbeb1f6f2d30a70ebe5d64db0963,41ea213ac07bbb9ef7693bf34b0068a1,6f989ad7c36dfac7bdb9caaf09415b50
92,d833d78ffc022d75d3405b8ff0b51606,3a2c047e837a44f2192f936bceb021b4,6f989ad7c36dfac7bdb9caaf09415b50
93,32bf870ec1ecabebd952483b3e120479,4ca2954f76d741b931d89dc0a66c277c,6f989ad7c36dfac7bdb9caaf09415b50
94,077c7069ca7284f2904751b32f8fc773,56f3b60134f73e0ce298acb964d87047,6f989ad7c36dfac7bdb9caaf09415b50
95,f179889c24a346f98dcdc5bf87047649,6b2e65a23f4b775017cf756c11358c3f,6f989ad7c36dfac7bdb9caaf09415b50
96,c8f58dcfc50c915dc6bf6f1c84df7145,21436bef4557e4c78cb78a2fc2b5ae41,6f989ad7c36dfac7bdb9caaf09415b50
97,da8335321b8f22d2d5d4c6b35d68022b,961b1ff8e31c4ae052699145f15558df,6f989ad7c36dfac7bdb9caaf09415b50
98,2428cdd680b8872c85409affe6ccbc5e,41fa5bac9c18fc14291a283c195f6aaa,6f989ad7c36dfac7bdb9caaf09415b50
99,30ef051f8b60526b8e99b9ac7042eb22,e808b61cad124602ba4e006465ec49e8,6f989ad7c36dfac7bdb9caaf09415b50
100,80fe325563d062db347f735050efb9c0,abce9d529bb5ea5df70a6f6e5a06c27e,6f989ad7c36dfac7bdb9caaf09415b50
101,a4de82f781a4028605d9440405192636,5a5af6dccb5909238cb939baac9fd728,6f989ad7c36dfac7bdb9caaf09415b50
102,d3b51f068fcc1db350de8f53e6e1a0e6,0d600a5df4f777791256c89b104d714f,6f989ad7c36dfac7bdb9caaf09415b50
103,6a8a12170062251e73e88de60b8132be,21eb0a2eed07664e995f6112084c8011,6f989ad7c36dfac7bdb9caaf09415b50
104,d499c4cea4f8c3b69981e1413a04c143,3116d27e394d6a0b04c4764a0fc07f9f,6f989ad7c36dfac7bdb9caaf09415b50
105,90e32f403ad6eb3ec4f2c6b1af3ecdc4,417d9e31dd3657df4b9d51efb333c17c,6f989ad7c36dfac7bdb9caaf09415b50
106,93b3283ecd5ac94d00dbd16f528bca33,90bd9dad3daf85c9da566a54dae3fe4b,6f989ad7c36dfac7bdb9caaf09415b50
107,249942159c06ea6c1b731c7d9c218757,f009c3e38da98acd95ac58d93df66bf2,6f989ad7c36dfac7bdb9caaf09415b50
108,f1d15fb445b6747a442210e3f45ff4e3,f021ba78884b86089e5bb87a2a595dfb,6f989ad7c36dfac7bdb9caaf09415b50
109,1c22eb697b10441c8e557ba1c2a0b1f7,43aedd23aa652d6adccc51a923f5cd7d,6f989ad7c36dfac7bdb9caaf09415b50
110,9dea605e2e9427cd740d44372b8e5b2c,4bc8963c0b527c7fdd219f8ef080f0eb,6f989ad7c36dfac7bdb9caaf09415b50
111,4e08cfc8ed9003822b5746ced8dc2eed,47a07b2fbf44293d650bb8ef679fbdf7,6f989ad7c36dfac7bdb9caaf09415b50
112,f1f65008a17c6f4f1d9cd28e8000ba89,6f3a49449221120ffc2e3c5c9bc038f0,6f989ad7c36dfac7bdb9caaf09415b50
113,4a5b103c9205c6e4f7145510cd48c615,602dd7494d29c0f5115f467c84600868,6f989ad7c36dfac7bdb9caaf09415b50
114,674c2b6ec9652d80ba95f5fde81f47fa,6533b8feb46f4ca4a75dd0f5418964b1,6f989ad7c36dfac7bdb9caaf09415b50
115,e9d192bea3b6b95af490977cf042a47e,5118678d33775a6e64adccadb6888206,6f989ad7c36dfac7bdb9caaf09415b50
116,b772558cc4022a78135dca63d1f70db4,2abf760d395d4a52f2643688c2142222,6f989ad7c36dfac7bdb9caaf09415b50
117,9cfb197380dc3c6dd1dc2af82da378b8,97a211cba8db336025c3beee4ad2cace,6f989ad7c36dfac7bdb9caaf09415b50
118,83c636ff3621b0b1d8a77f7333092678,bdd736532d2dbf2bcf27b2d5a283d85d,6f989ad7c36dfac7bdb9caaf09415b50
119,97f717eb6ea6a4746730aa70ae32f663,a9814a9be1e14bfdf55d36a21148ac6a,6f989ad7c36dfac7bdb9caaf09415b50
120,1df72bc597f1655a46c4ad1b2433897d,780dd3405e026e3466cbcf6e38433b92,6f989ad7c36dfac7bdb9caaf09415b50
121,bc88626ab2331862b332550d160675c0,5ac187065a228d36a1a995af3dc1e22d,6f989ad7c36dfac7bdb9caaf09415b50
122,9e8345ad13958920db13016d6208cf73,dda79dafe7c8a26336942b958f357291,6f989ad7c36dfac7bdb9caaf09415b50
123,5d37437748010c902927abcc781b6c9d,c6e30a4ea4b336135c419669b2629d78,6f989ad7c36dfac7bdb9caaf09415b50
124,24b1c8903e35e1297ee977e7ba4e8231,411a67b93c5b8fc660719c752af8179c,6f989ad7c36dfac7bdb9caaf09415b50
125,a0c99ea8f9574462f4d9be6a53eb171f,b5009964d1eea75a9ede3048370bbf48,6f989ad7c36dfac7bdb9caaf09415b50
126,6261ee8f727668854d4fc80fd7000fd9,771a0a8aba39999dfeff0048ba362ad9,6f989ad7c36dfac7bdb9caaf09415b50
127,9ceec442bb6272892021f04cba43a98c,e588715a12c55ee1b1f48627f4a16dfe,6f989ad7c36dfac7bdb9caaf09415b50
128,8c19dad74d0702dbfa279b8ec273d3b4,946516316a7054542fae189322f64f47,6f989ad7c36dfac7bdb9caaf09415b50
129,cbf3a0bfc6cbda9ec44861c3051d37c5,b3619f16acebaa293888e91d6fb601fe,6f989ad7c36dfac7bdb9caaf09415b50
130,a28a4278fb9ce2f7bdb8e7f6cd5bc2de,ff03a288c1738e030fcd2399b6049945,6f989ad7c36dfac7bdb9caaf09415b50
131,7cc9a76a19442d90cb93976645110f71,f845d57f4be2baab1a04d7b5e67793f0,6f989ad7c36dfac7bdb9caaf09415b50
132,4e7df6db4128218205e669003b42d9dc,ec3fe0f4ac724711a3dd257c8adc9907,6f989ad7c36dfac7bdb9caaf09415b50
133,5a03def71d0118fc8e6c0cb5c1c8a46a,78174f198959cf5522ee569957966ad0,6f989ad7c36dfac7bdb9caaf09415b50
134,33df87859e3256c78e0c0626919ddc1f,587bcec698490bf92afeaa91b22f3319,6f989ad7c36dfac7bdb9caaf09415b50
135,ce63a993ed3305444e980a36036a456a,fcd6a7fd11e0bf224b554954ca75570b,6f989ad7c36dfac7bdb9caaf09415b50
136,452b6573b174b9999a18a462dde8caed,d1fea508b43230eff70028501129aaff,6f989ad7c36dfac7bdb9caaf09415b50
137,3c0748b90b847033003ee03937396620,d6c79c2ba151d076e26e21fe9b68e6df,6f989ad7c36dfac7bdb9caaf09415b50
138,5474232e24ddfa818c69a64f0fd18e13,ddaff9aca58cf23d6a19264d7862c795,6f989ad7c36dfac7bdb9caaf09415b50
139,472d7e82571e6122754ede4b769c653f,f40a4482893c051787975e9a7d4add0a,6f989ad7c36dfac7bdb9caaf09415b50
140,b58b3ff31b76e8cf6678013fb769003b,2e1c390a37a98839c6fdc3018696542b,6f989ad7c36dfac7bdb9caaf09415b50
141,977197b3aee1af3c7c5710262f2e5c5f,fda547dcd89c5dc0b0f35b3496aeb508,6f989ad7c36dfac7bdb9caaf09415b50
142,02aabac66290170837f31c98a6ac0cbd,9ccc9c2a77a8962e1563f0166993b1a9,6f989ad7c36dfac7bdb9caaf09415b50
143,f18699621f53680ddb9f9ce844fcdf41,c8753c414f29ba684d68eb5e3221617c,6f989ad7c36dfac7bdb9caaf09415b50
144,4576a08906fa568b41198db05669635b,bc4f3f5707ce8a312708deae495161e2,6f989ad7c36dfac7bdb9caaf09415b50
145,86a32fc77d7d016faf16168ebf7062cf,9f5b95b20df61efb6534dc4680d49cdc,6f989ad7c36dfac7bdb9caaf09415b50
146,8c0cdd889402edb2406a007f75a8d64e,5fb898560493e47c82f92717974f1154,6f989ad7c36dfac7bdb9caaf09415b50
147,d612190d7a023e9702e6ce5dc7284cf3,d4684e79992bf074fa61b93643e0f39c,6f989ad7c36dfac7bdb9caaf09415b50
148,b71c4fd40c273941e1753c526c6fd361,9641c90cd93ace4cfe90d057fa5ff6f8,6f989ad7c36dfac7bdb9caaf09415b50
149,823b273f75a971a81124283d51c08e7f,68894edfa84938acd16670c25635a6b8,6f989ad7c36dfac7bdb9caaf09415b50
150,07406a0a778cd29e40745137edbd72f2,804cde5bcffeb15fe35f4e9caaa6facb,6f989ad7c36dfac7bdb9caaf09415b50
151,1d32557b10b0c15d11d93244b59c3c42,a04378c11e033147f972b662db8ae671,6f989ad7c36dfac7bdb9caaf09415b50
152,e473def595e25189907e2334081ce5f5,34aa4e2a7311bdf430fa8c8a6d7ab78e,6f989ad7c36dfac7bdb9caaf09415b50
153,9b11985f20d2cd9b327428ba0c6f2b8a,fed6342dd77e0b3fca1a9b3098aded17,6f989ad7c36dfac7bdb9caaf09415b50
154,cb72082f42541d13f5d669f402b6940e,78cee4566d70be41349ca39167bfc6d0,6f989ad7c36dfac7bdb9caaf09415b50
155,b93827afc08d2f898393d0058d92205f,67dfdf8c9cbd15d8e3fa6844db1b97cc,6f989ad7c36dfac7bdb9caaf09415b50
156,835f5485076f007ce120885025b1833a,77084eb06acacf114bd97d3b90052552,6f989ad7c36dfac7bdb9caaf09415b50
157,16ef2702642a24fae7d7d2ff5baed984,3e756d1b0d4f5f08108a9dafa2eba3b7,6f989ad7c36dfac7bdb9caaf09415b50
158,8a182a8adabab38fdc4c538a2649aa48,d6908f2f7ed481ebd0d7db3cee82e390,6f989ad7c36dfac7bdb9caaf09415b50
159,865fef83f6ab8c79e5922cba82bd2ff6,653ec72850d02abb97029f28cbc37351,6f989ad7c36dfac7bdb9caaf09415b50
160,c6aea1e32dfabdbc279399d0f10ff0a1,cc33acd39372f284bd2dd3f50074cb7d,6f989ad7c36dfac7bdb9caaf09415b50
161,23061ed48004b9b1e5601112b35a98bb,dd78df54f68ad2f15a15c219ef94e49e,6f989ad7c36dfac7bdb9caaf09415b50
162,2cee5219aa86e71f2038e69947bc39bf,9866f88d50b4da37d50a221f745ad2b1,6f989ad7c36dfac7bdb9caaf09415b50
163,eefe469ecd646993a9e460f845c9c198,386e306721868c6d271dfb4c59ed1b45,6f989ad7c36dfac7bdb9caaf09415b50
164,1a13247b56daf760e3e8c00d3193dca5,b17783a57d42c558d94a859f38259f36,6f989ad7c36dfac7bdb9caaf09415b50
165,185e0ee84565086cde8a9bd30c0e00ff,a33206380e2168814fc67eef7bb4d005,6f989ad7c36dfac7bdb9caaf09415b50
166,a1e9a572c34f1bf0b31ad81bf2dabaf4,53bd6e0e9785689fe5b10e01bbcf0057,6f989ad7c36dfac7bdb9caaf09415b50
167,91ed84cb3a8a15783578746f9c9c8f9d,9c27072360a1a4abd4eda3121712c6d7,6f989ad7c36dfac7bdb9caaf09415b50
168,daa62dbe1d8e307d6aaa8a704a3dfdf6,93957be51a25d1e0a48ff62047f589bc,6f989ad7c36dfac7bdb9caaf09415b50
169,cdde7c9af9c2ff70536bd1ba7ac1722f,131a3f541a7284166928abf8d37fb077,6f989ad7c36dfac7bdb9caaf09415b50
170,af2107319919fd1179238368d7e6a4be,04c545584646a6ffbea177ba2032465e,6f989ad7c36dfac7bdb9caaf09415b50
171,a875b5800774ff8bd316ed864026f2e2,ef6178b1977e81f33c39fd3e75161400,6f989ad7c36dfac7bdb9caaf09415b50
172,5d9d8c63769e2b04691272a4f88165b8,06a5e83e546964bf6930593c253d7086,6f989ad7c36dfac7bdb9caaf09415b50
173,2fb13764b6dd9dc8b0e562715e2bc14e,b39a32819ec64056ecfab0daa1416de2,6f989ad7c36dfac7bdb9caaf09415b50
174,ed023c0a924d9818765ba1fc05bf0353,34a4f41c4b63e0c6ac3da4dcb54bdb09,6f989ad7c36dfac7bdb9caaf09415b50
175,7d57bff69e9b905ffbd44f139a92eadf,7c75014509df4db3ace8a9b2c9f462b4,6f989ad7c36dfac7bdb9caaf09415b50
176,514a9fa86194e23a33f57725d6a1f24d,27a7b3fabb4ad574bf5c4f1a19cb329d,6f989ad7c36dfac7bdb9caaf09415b50
177,5d6c23dffb2cd410cf0f2fa4d2b6b10b,51be83fbfcec91b80d461850e434be8d,6f989ad7c36dfac7bdb9caaf09415b50
178,e1635100174488c840bdf1ef07d1deb7,dbcd04c5d7c65aef9e5fca758f2ba79c,6f989ad7c36dfac7bdb9caaf09415b50
179,188234f014594bb942d2584d223edca3,7bbf59ee55b52a32fbad8b24ace0bd74,6f989ad7c36dfac7bdb9caaf09415b50
180,6cc1573f08176f46f356c357675a5a64,a8b455b2d24d98e822fb656d18dfc8cd,6f989ad7c36dfac7bdb9caaf09415b50
181,1baac9bd113eaf8e60ebe0f0d60c0a90,af2ec99194cd0ed69ff0c715f3baeea3,6f989ad7c36dfac7bdb9caaf09415b50
182,bba6b3736c3a8807245fb43f3e9ea078,69341f1e765a6a9776c56e007c75fe12,6f989ad7c36dfac7bdb9caaf09415b50
183,1d49e4136e9ce779ff1b95eb2fe053f8,209d501b789c04e03025c1ec02604149,6f989ad7c36dfac7bdb9caaf09415b50
184,b8d34ccdcb619b879f9ac65d7d593de7,64d86f0a677142b3421dc44c37c25ad8,6f989ad7c36dfac7bdb9caaf09415b50
185,ee37886a505c056961114be46c6850b8,8d9df29c0035a1e252dcd190d94ac3ae,6f989ad7c36dfac7bdb9caaf09415b50
186,0f4673d99b10483278e4313f27142341,12bd0bafae77339085d4706af6d177b0,6f989ad7c36dfac7bdb9caaf09415b50
187,26b5a61c8c52354a01eec7902a7235c5,c0ffbc7ba825128eebf63479b204f00e,6f989ad7c36dfac7bdb9caaf09415b50
188,3e011fb379a0479f5809b6691fa050ed,b9ad4024f09b164e98f08dce1f0ea8ab,6f989ad7c36dfac7bdb9caaf09415b50
189,086dd57da4df294ad4003ae7b527b3f1,45c5c982d768c9e7c0714171d13473cd,6f989ad7c36dfac7bdb9caaf09415b50
190,003cce78eaf7256f5fc339bb59fbbadb,2bf4f2771bb730c1309574595365eaa8,6f989ad7c36dfac7bdb9caaf09415b50
191,204d1129dd8fc13015575c202b158990,d5e37fa7d025a02b139d1fafa70451b8,6f989ad7c36dfac7bdb9caaf09415b50
192,adb00aac55bbc80d6db60a1640934d0c,620318ff645fa8adc2d819a1e614e840,6f989ad7c36dfac7bdb9caaf09415b50
193,8632d9d59807ea297c14ec79eab2f7e7,b1919e36aab46a289cd63c2ed882d76b,6f989ad7c36dfac7bdb9caaf09415b50
194,058e6fbdbaef1fc975d7348aa310f646,08c64b01e7cf4c294c783a8cbe1690b4,6f989ad7c36dfac7bdb9caaf09415b50
195,dd8e4c5c32be8981e925b3ba8ac0c530,0b5146cc539fc025aa6deec673c6d91c,6f989ad7c36dfac7bdb9caaf09415b50
196,6634990ce05daa0fe77b06224bb7110b,e6911a468b7193df85a9acc9e4df388b,6f989ad7c36dfac7bdb9caaf09415b50
197,44942c02c2a6b8a608482b559d254b3e,bbe43e03738cd92509a22c09ec9bbb9f,6f989ad7c36dfac7bdb9caaf09415b50
198,01672f91d5b378cda71558f152c13e4f,1d493c76c9f689ee7475127e980f5b6f,6f989ad7c36dfac7bdb9caaf09415b50
199,f1980c03cae881c79a095860d43029d9,17643302ed10d42ff8bfd36465e2fb4c,6f989ad7c36dfac7bdb9caaf09415b50
200,7587417f44e4bc1ec277bb776216d6bd,3f4b147ecfc953f24e475f437510fcac,6f989ad7c36dfac7bdb9caaf09415b50
201,370b95d0339465a81602b2986cbb2fb3,a9495d6298bc768e455d788511645463,6f989ad7c36dfac7bdb9caaf09415b50
202,4e399e93981848c205cde649354161c9,57545376faa74e2f17c48f8965880b9e,6f989ad7c36dfac7bdb9caaf09415b50
203,cf618641bb79606ab765a2e1ab959334,1d50d6d62d371f932cbb344f1cdef239,6f989ad7c36dfac7bdb9caaf09415b50
204,a1c6c1c4474f26fd8cd89c8e4428eae7,5c80a309937a8b7d007836715ddfea26,6f989ad7c36dfac7bdb9caaf09415b50
205,39be13742b5522b4edc1fc20876e28a6,9cd10effc9a2fb375bffc63df7301875,6f989ad7c36dfac7bdb9caaf09415b50
206,504e64ed5b95dff7e653d98cb44c4d34,f21e9e918087d2b48cbb0aa054d9eec6,6f989ad7c36dfac7bdb9caaf09415b50
207,4d73a673735183de2f5ec12f15d36e6e,09873952842bd987974772d0022cd90c,6f989ad7c36dfac7bdb9caaf09415b50
208,9edab75bd41ca359ed317f3db1db20ef,76b0ca6f7eaa2c839f8c9615ce2cc511,6f989ad7c36dfac7bdb9caaf09415b50
209,02be2bd2ffabd258e80a88b6b37b8c95,445abacfae4405e779b4f2d7a07ec97c,6f989ad7c36dfac7bdb9caaf09415b50
210,ff899e3226063f804d0036b4cbb40992,768b64f013e23fa71096b331eb8fc76c,6f989ad7c36dfac7bdb9caaf09415b50
211,cb1b15f4f1732438e1fd584ee6cd951d,6cf197f4ace5584e9d786621cd0deec5,6f989ad7c36dfac7bdb9caaf09415b50
212,69accc78ba292b790a1f2fef24977975,f283695727e99b4af2a93e5e6dd4cdfa,6f989ad7c36dfac7bdb9caaf09415b50
213,4ee42bd75fba1ee40d2a3adf3f58f0ad,adbdbd7e8dad0b0d91b136265cfa49a4,6f989ad7c36dfac7bdb9caaf09415b50
214,8198419941ce9777df5b605f28ca617c,41e60620b9d4edad1183a5cf770ee2b0,6f989ad7c36dfac7bdb9caaf09415b50
215,e22e21f23df85c3afd3e4e659c94d521,479c113070fd09140daf9dfab1a8a8c6,6f989ad7c36dfac7bdb9caaf09415b50
216,548042c3b3685c785ba376758fb2f717,d80802439924f914aa6a0993d9981a10,6f989ad7c36dfac7bdb9caaf09415b50
217,b18d8a02220e20ca454cb93e1fa4479c,bc6ffc37920c884fd8d430bc8a13166c,6f989ad7c36dfac7bdb9caaf09415b50
218,ba6c6b73c949ffafdd2bf3913f19e7c4,185313a99aa524f70948cc6f0f34f61b,6f989ad7c36dfac7bdb9caaf09415b50
219,99a9d0e4890cad36b2de20a1f47b102c,4c5b7b421b443df1e3749551f77cc650,6f989ad7c36dfac7bdb9caaf09415b50
220,6b47bb6e29b68d3fc1ddab92176eccb0,7066047af6a3ac0e7bc44f34a6f4c0f8,6f989ad7c36dfac7bdb9caaf09415b50
221,2373553b9ad599d9ee8a938fb44f6182,9f6b5feed72a45da3958b2b0b6561ed3,6f989ad7c36dfac7bdb9caaf09415b50
222,ab35abd72c7183ac96d22df204dc3bcb,00fd26debc06052d85f57f37be41d9c8,6f989ad7c36dfac7bdb9caaf09415b50
223,050d70178608c61a7fefc7873afb0c5a,be069dbad0d941f737fde6d788df0c8a,6f989ad7c36dfac7bdb9caaf09415b50
224,e2337459dec9011c11777bae627a8fb9,3dc45393090432d36b346c2739c961bb,6f989ad7c36dfac7bdb9caaf09415b50
225,9d1643b92b2d36e14a11fc1fa3b92694,6b1baf8b01ca0e12c7bd5302ecc56027,6f989ad7c36dfac7bdb9caaf09415b50
226,37df0f4df83584f4bfffb9e07954a898,e08963d16cfcbf0a5e344c0b5edaee9f,6f989ad7c36dfac7bdb9caaf09415b50
227,bfabca5f2efd81e0a1759c4006a38067,ff4723c389c274671a132148afe8025c,6f989ad7c36dfac7bdb9caaf09415b50
228,e84a89247bbc8a1e5a3318c72fbbb08a,daac774eaab5e502ca1d230acd2aab8f,6f989ad7c36dfac7bdb9caaf09415b50
229,0525e3d1c4d3bd0071388e439fba6c22,3ffbac6454614de8f6a1e984b1a0f512,6f989ad7c36dfac7bdb9caaf09415b50
230,da2ad9e593cf815c539e485720d9ef98,f152613c2026183d89d997c8fadacb04,6f989ad7c36dfac7bdb9caaf09415b50
231,9e593ce5ed9cadda012c6573d9404ab4,f56c04df36afa6d5ed99c7aa3b986b09,6f989ad7c36dfac7bdb9caaf09415b50
232,83d2ab5fa3197e147553754aa35e982a,7b1068c07478c94ff309439387433bcb,6f989ad7c36dfac7bdb9caaf09415b50
233,bac814b589d14e11cec4ac768322c322,449527defea60af3a82e6293aaf5c6cc,6f989ad7c36dfac7bdb9caaf09415b50
234,ddd7bbe79a019d2aee70a93705f4d29d,03b4f71d7e13a3f25685d81d07cd77ab,6f989ad7c36dfac7bdb9caaf09415b50
235,2545f2cec177fd6b37a99c01c2657e96,3064de11e6c3d7ed0b86da52df34bdd8,6f989ad7c36dfac7bdb9caaf09415b50
236,dd06f687b0c252d766d194135ce02690,a3f29db78336ee8266b1a55a6243b1a8,6f989ad7c36dfac7bdb9caaf09415b50
237,f219b1f7265f7274805dfe1ecba2671b,02e3c93ab21f61b72bf2db01838ab8ef,6f989ad7c36dfac7bdb9caaf09415b50
238,0e587d49cbb51b0481c8ca080d58fe16,a1c1132911382a1d97f4e91bb133eec8,6f989ad7c36dfac7bdb9caaf09415b50
239,a55876f0359822042332783847f1ab93,e69bf15c82d26bb0d52f7565951c090c,6f989ad7c36dfac7bdb9caaf09415b50
240,6391b67e27ce3c347650352513784df9,85dada202ec4edccdd3d6b0ec9671bab,6f989ad7c36dfac7bdb9caaf09415b50
241,e6f3ba21e50d5f5ab77eddd41a992c1b,6657fb3b07820510d69080135eab01b2,6f989ad7c36dfac7bdb9caaf09415b50
242,51a2e91d1889e8ad25b2c50e28598938,7f5fd6aafb5136ac4b1c587fa69b8050,6f989ad7c36dfac7bdb9caaf09415b50
243,35c2d2e6f0db43c555933172d13acb9a,7dfd4b0b06e83cdcc71f0158fb1b896b,6f989ad7c36dfac7bdb9caaf09415b50
244,39477ab00ecf84216c3ea768b55e23c1,f6159e1bda9fc88ef93a636082acb507,6f989ad7c36dfac7bdb9caaf09415b50
245,e3bc820ba074d974fd525137ba1f54fc,9999ce056421f3d07f226a56070061dd,6f989ad7c36dfac7bdb9caaf09415b50
246,6bbfcb742c2f89714d91beec2ec4fa75,eadf907818760bb53091787d309085a2,6f989ad7c36dfac7bdb9caaf09415b50
247,222b2ece628b5c68978ce870aad963fe,dd45a59ea7939e839a44ce9d8fdd489e,6f989ad7c36dfac7bdb9caaf09415b50
248,94a5afc49ebc78cd9099a86a2bb7108d,710e3d07c84492b59abadc02d2b45f27,6f989ad7c36dfac7bdb9caaf09415b50
249,e3ab62153d457bb5c8b5907996182d62,68d1b94b6d914d02e123701fff0b8bae,6f989ad7c36dfac7bdb9caaf09415b50
250,ed11ea0ff0ef5705c82ac1760e6fc282,713a1bd28d9680285b569672f9689fa3,6f989ad7c36dfac7bdb9caaf09415b50
251,29169cb552c6742b5d34b92a0fa27595,a56e5fdd59391436ce75a0f578913986,6f989ad7c36dfac7bdb9caaf09415b50
252,b686fc20a9ef0bb725d7ec76d6aaf4bf,1edb204096163bb68d61383843a56ae7,6f989ad7c36dfac7bdb9caaf09415b50
253,32bae2a1a13a56f3caa42d950d6c25cf,a00f9cf2e8095aa7602556dec3b4f50a,6f989ad7c36dfac7bdb9caaf09415b50
254,a01d730d7a3c2499e41c3fac30462ce0,22eb2657a420679315260435d5695ea3,6f989ad7c36dfac7bdb9caaf09415b50
255,8f7c8986081d8343bebc3eba918f164d,6ce8a7b0daa27a143ae989ea23c5c97e,6f989ad7c36dfac7bdb9caaf09415b50
256,a0517b89a4c4f3a20f6e9d3f0b8431f0,c89bba760530cf7e43b3e67065a376f9,6f989ad7c36dfac7bdb9caaf09415b50
257,861592074f3fa6f1a2c4eb0e37d53f94,cb49b9f9aa522c37834c0193fc02ddc9,6f989ad7c36dfac7bdb9caaf09415b50
258,fa56d323a50b3c4d6f269b644f18c4ae,303a90708129012eee7472c5589137ca,6f989ad7c36dfac7bdb9caaf09415b50
259,d4f26aa1139c3b2beefc243105ea408a,f7081f9f065966b2d391e07979ca8bfa,6f989ad7c36dfac7bdb9caaf09415b50
260,2a332babd70cc553ea35035e1c48020a,1ce1f24f700ea12ee258cfd809059e3f,6f989ad7c36dfac7bdb9caaf09415b50
261,d4234e290998e004b021241e3fc13961,c18a2535242d698ec02434e4a9f1059e,6f989ad7c36dfac7bdb9caaf09415b50
262,1289b9606c16110b0a7a5d5b2b286238,d0a90ada99cee9eb7f850c64aac42d2e,6f989ad7c36dfac7bdb9caaf09415b50
263,872dc6dcc091df5d711a84a76b6dd541,0d3b61a4eb1cde47df8b43669ef89a8d,6f989ad7c36dfac7bdb9caaf09415b50
264,7af4309ec35a7389ad969c37e056817c,1458862570d65fa26050b6a63495769f,6f989ad7c36dfac7bdb9caaf09415b50
265,97885e112f18f3e4a4810cce286bafac,14b173b178e5abc7aed8df72111b305f,6f989ad7c36dfac7bdb9caaf09415b50
266,38ca272336ee9c5409ed1c7013cff1fd,22add052d80d161d614497f870b61246,6f989ad7c36dfac7bdb9caaf09415b50
267,902d18fe6330f90f1084428d1b97bb1e,b1f5b22960fa1361b4b817092e21065e,6f989ad7c36dfac7bdb9caaf09415b50
268,d4b945bc8fc1b3e1b41b26b29886953d,7ce7eee2d03a81f9de8acbf045585ba7,6f989ad7c36dfac7bdb9caaf09415b50
269,8b21aa03afbf7daec709aa74d31187cb,26b3c23496406439f754fa55e583a5ab,6f989ad7c36dfac7bdb9caaf09415b50
270,0fb8fff100d08325acb64fa49dc4abd0,83648662fba8277da20ff5c13b03561a,6f989ad7c36dfac7bdb9caaf09415b50
271,72cc65efaa3232e153803d3e61f26b81,2329200d0495aeba33d8278744b05514,6f989ad7c36dfac7bdb9caaf09415b50
272,e3eeba9ef48d8c1667589d754525b2cb,1357ea95cea3dd6eddca96e827fd1011,6f989ad7c36dfac7bdb9caaf09415b50
273,a74d932484f9bf88e8482a0260787534,f7163cda7f29c666af34b76d44e7fa1b,6f989ad7c36dfac7bdb9caaf09415b50
274,449a2986b92b6205b5f498c2a0078142,66f18ba63087c8d90688a5c6c6d303e7,6f989ad7c36dfac7bdb9caaf09415b50
275,a043d63708223d2bf1db5d1d00ba3fa4,f131ecb50cf36ac91a15a0997994c05f,6f989ad7c36dfac7bdb9caaf09415b50
276,32647909d735efacda0800abf1d5bc71,68dc900690c6db10538a7240b94eaa84,6f989ad7c36dfac7bdb9caaf09415b50
277,dd12119b440570754afbae0a7c92b4a8,e98bf88028150ba78ba0c18aa5d50253,6f989ad7c36dfac7bdb9caaf09415b50
278,1c4be328b4e8ea51c214bd826f8da164,68edb6c067a3784939b7a4d0bd1436bc,6f989ad7c36dfac7bdb9caaf09415b50
279,32c34ab81a9b3f2a003548e162e6e6d3,c991ab07f89cacbdc421e39fdf12f442,6f989ad7c36dfac7bdb9caaf09415b50
280,4bdf7d7d98fc3b1ff021b633061dea22,b03b6c0d1ca09cc03209d1b146b0a4d5,6f989ad7c36dfac7bdb9caaf09415b50
281,e4b03906fc9a5f19f8b8cbfcaddc9750,fb410e383ef771082d0455b198d66154,6f989ad7c36dfac7bdb9caaf09415b50
282,388c0dbeb30f67cacbd08b9d9f48d11f,bfbb81303cdcfc4dd7469f3017455174,6f989ad7c36dfac7bdb9caaf09415b50
283,35e05b1080265ba143394728488fe1e6,fc2ed592dc9f5a9579453f3f553463e3,6f989ad7c36dfac7bdb9caaf09415b50
284,2090a1323df1540e70eb9158971f336a,6afdd691d5694d49f838dd96abac0fa0,6f989ad7c36dfac7bdb9caaf09415b50
285,77f459963f90b7ae23cf3617634c1eef,68d1ef4abcfd583142ac2a873a44b58a,6f989ad7c36dfac7bdb9caaf09415b50
286,47f3b443a952c3b3f4501df343b0177d,59e6e01a5ddc41028208813cedd9a306,6f989ad7c36dfac7bdb9caaf09415b50
287,486fcb0d229777555ec23cbcc43631fc,10ab95401add77036fea4f6c92ffb34a,6f989ad7c36dfac7bdb9caaf09415b50
288,69d408fd9ae9343ec69a2fb384d9ef2b,77826704f8938eb77df3d2fbd282fde2,6f989ad7c36dfac7bdb9caaf09415b50
289,781e24e4fc0fcafecf15fac370cdbe59,e54f1b583b02e60fc4f63e4c1bc80e0f,6f989ad7c36dfac7bdb9caaf09415b50
290,30b73d4e9141e9bb517346373e127e5a,b9345332bb68654675f0dd228c23d454,6f989ad7c36dfac7bdb9caaf09415b50
291,0e6e316043b8a2afdd5294758a9e755b,9f3a3dfafb3490fbfdf234c050e748ab,6f989ad7c36dfac7bdb9caaf09415b50
292,86fb5ca80153050f76aed56dd171196f,e19e2ed08b0bd8f84901517b3aa8c28e,6f989ad7c36dfac7bdb9caaf09415b50
293,a686a5814b3cf7e29b414306f3ce0f80,b605d2bf332c5bb219b4d2c2b461075b,6f989ad7c36dfac7bdb9caaf09415b50
294,897c79522664aee90253bec62efb6b5b,3c208015d3d7e6ea459f710733a0c71d,6f989ad7c36dfac7bdb9caaf09415b50
295,16f2d524ed1058070a2c9a93c6e90d29,1ab0682ff75618262413b89d106eb8e5,6f989ad7c36dfac7bdb9caaf09415b50
296,9a1f79a566360635a17ef9c073a13423,b2cd9c4d995a4f5ea2af02953205edb8,6f989ad7c36dfac7bdb9caaf09415b50
297,fae7671e4345133ca7c04acd41e37cf0,b531984cddbc979c4f93786683c967fe,6f989ad7c36dfac7bdb9caaf09415b50
298,840532ed6377ef694bb8a3fc3667dae3,06a27cdd156f351fb97d645ec1f258e4,6f989ad7c36dfac7bdb9caaf09415b50
299,d5a25567a37701f29f7317acfb3f9449,7ef80b4966bbc1b4c570334585fb80b9,6f989ad7c36dfac7bdb9caaf09415b50
300,06b43e98a57f37c9ae1a0e37787ec3e1,e8fc33d20c52f2692a69201d5ee441c7,6f989ad7c36dfac7bdb9caaf09415b50
301,bf4f39db894664c398255b4cbe058280,9d71abcf298399cc9dbdaabc08fcc0f4,6f989ad7c36dfac7bdb9caaf09415b50
302,92006b0ab9e666d8c8c83a4361a4e4fe,ad0f9f0564c2ab40d86b4882e242f4ee,6f989ad7c36dfac7bdb9caaf09415b50
303,b87db34165a6fd23620ac625b93c2d32,c5e53124feb85c9001fec95d9dcc893c,6f989ad7c36dfac7bdb9caaf09415b50
304,747180acf1f2af2d95cb891dcdd37be3,1a8ec6d4bb1ad6148f18edafb56df449,6f989ad7c36dfac7bdb9caaf09415b50
305,a80f70e64de66a10b09319122150753f,b3a96ba8214489fe5f371361f2ba0091,6f989ad7c36dfac7bdb9caaf09415b50
306,b45bd8db4f8e80a50f34a8234142ed8d,6bd65c273619e062d258b6db38b6c714,6f989ad7c36dfac7bdb9caaf09415b50
307,9cb90027ab767702e1c62d5a263f859f,1378b74e0021940778bb476f47d49d95,6f989ad7c36dfac7bdb9caaf09415b50
308,b2ca538d922f93670c4d9b9a126ab23e,208a7daf6fe578776184adcb995e19e1,6f989ad7c36dfac7bdb9caaf09415b50
309,42ec265737e1d6ab287402d917cc640a,a69678e67bb8f9ec27c8845622c7b17a,6f989ad7c36dfac7bdb9caaf09415b50
310,8c91e9fb642a4a1f9c502e711dc66435,4969b55bb3e4bb4561f35919fa879b46,6f989ad7c36dfac7bdb9caaf09415b50
311,444eee589891059ed4af12dd3998db6a,353d57ea1b821df8bd4912d83e5f2ada,6f989ad7c36dfac7bdb9caaf09415b50
312,37c6551d16891a464de24bd5f013201d,3f1a2fe147c3b2024d288cd5623aff5e,6f989ad7c36dfac7bdb9caaf09415b50
313,deffc00329d805f184def1344fe092f1,9ed6a6a9d9d3fbb2511453d93e20610d,6f989ad7c36dfac7bdb9caaf09415b50
314,b77c0fafe843508f6e57667af47634fd,73ae219587c104f51e174b818af54a57,6f989ad7c36dfac7bdb9caaf09415b50
315,dd15f74aabad71008c0dfc2d6f1ddb15,4c02e8ab4e04f55e05cd9215de52da9a,6f989ad7c36dfac7bdb9caaf09415b50
316,db1c1d805d94cf09194d0e09d962adae,356934d3ed1128202771115e0d5caddf,6f989ad7c36dfac7bdb9caaf09415b50
317,0992629fb4439cfb6a9e543bef7851e5,13410cc8d1e862c3a4b2fe58c2b43921,6f989ad7c36dfac7bdb9caaf09415b50
318,6330ef746be4deb11c73a58fb25be23a,3a0b8e754bdd96dee273281e564eb7f6,6f989ad7c36dfac7bdb9caaf09415b50
319,d990e806db117b706e52baafbd95ad21,836f17b52abd5d5a79080e4b2272e2de,6f989ad7c36dfac7bdb9caaf09415b50
320,936744e3153532de690150c369036c4c,3b169f8a4296fb6e5b21e8d1b4e02950,6f989ad7c36dfac7bdb9caaf09415b50
321,f35d3cae07976028c4c6afcec9323412,9356e2f9358a3934314ec75b35a1002c,6f989ad7c36dfac7bdb9caaf09415b50
322,a0f647fc17606ce0dea1e8c993144cc2,e70f6d0282502c2ee7b97006fe6a9067,6f989ad7c36dfac7bdb9caaf09415b50
323,98ec7c9499848ef102bb6e78b0a03809,600e9284af6ee093ef57ad198cc8500a,6f989ad7c36dfac7bdb9caaf09415b50
324,cee2cae34dd0a7f0d9fc7f90ade20573,b45050ffe0f125a1dedee77c73ccc8d2,6f989ad7c36dfac7bdb9caaf09415b50
325,addc90bbaf33a0abbb11700722f5d2ec,c316c90ec3a159b1e78fa10ad1bd3b58,6f989ad7c36dfac7bdb9caaf09415b50
326,91ba6f321ec57de489ca3517554a9c96,5ad57d3a89f9b930154d7a799943e5e0,6f989ad7c36dfac7bdb9caaf09415b50
327,2a61d8bcab92a66ffe02fa5525286196,3a9c1b59dfffe19b1aca4326e9e3abcd,6f989ad7c36dfac7bdb9caaf09415b50
328,547117f12c030ce55d425b7fa0f6d4d8,4343a305ebb7f5621e7af73cc974961b,6f989ad7c36dfac7bdb9caaf09415b50
329,86e643207384394398723e560177cdac,6d57401be69b26659c633c7c67d4aea8,6f989ad7c36dfac7bdb9caaf09415b50
330,849bd42306f52f6b2c30e852431490b9,abeafe82acc75fb2bc9b98f73a5dd0e6,6f989ad7c36dfac7bdb9caaf09415b50
331,019253dc88fd18332bd14b67fdef4c30,58a19faaac76533a65cedfc055bdf5f7,6f989ad7c36dfac7bdb9caaf09415b50
332,597eca3e96091dca1fe0160bdf44c07d,b1a49a915c6f3b55f701d8c64387dec5,6f989ad7c36dfac7bdb9caaf09415b50
333,9ad961df3f6039d4c32009fb8e3993d1,5f2ef000766e32234d7a4999f319cbcf,6f989ad7c36dfac7bdb9caaf09415b50
334,e0e7aef3af3943b8300942995f2dc658,258d6292a47ac87f856f9e55c4f2630c,6f989ad7c36dfac7bdb9caaf09415b50
335,66c6091702fab3fa1b5ffd00a11a7772,d666fdd249776f0508181fe05f609c22,6f989ad7c36dfac7bdb9caaf09415b50
336,c9cf73328bf761eeb09c4f4f485ca19a,8215355325ad84bc48638b7519af655b,6f989ad7c36dfac7bdb9caaf09415b50
337,6d329aade3c16d18003b583f06761fbe,0cc4e902fdd2b983703345244a497946,6f989ad7c36dfac7bdb9caaf09415b50
338,54f8e062a6b52129aba6a2aed00543b3,68fbc2554bdf339053a15379bc2c4988,6f989ad7c36dfac7bdb9caaf09415b50
339,bbf169a127230d021f6e81dfd36e32dc,d7c39306819866e78cba9e04ee330955,6f989ad7c36dfac7bdb9caaf09415b50
340,ab71888d94dce01741d684a4b908791b,dc6e4514b2792f68b8e2b291239abf23,6f989ad7c36dfac7bdb9caaf09415b50
341,78b545571b80fd030aff904183432c7a,b4bfe7728d2a605e8b7146959b7a6540,6f989ad7c36dfac7bdb9caaf09415b50
342,da5616595c4ba165a826c9fe446181bd,6952a35a098d0de5fe96881b8d6d3e8f,6f989ad7c36dfac7bdb9caaf09415b50
343,03154ef9db9bc07ba8b4535a92657559,63f54e288f6bf17c8e1c75750b22e7b2,6f989ad7c36dfac7bdb9caaf09415b50
344,b8074cb8b959ed1579e3740a2c7fe741,c182fa8c8a08f265d38063570cfe7746,6f989ad7c36dfac7bdb9caaf09415b50
345,3898c411712fe350dbca07554d1a9703,2120a97129b1be073323d315dafda6e0,6f989ad7c36dfac7bdb9caaf09415b50
346,53cb32978951e74d071f2be92457a424,ec01f0b7c3f3c5565cdae8b050027e40,6f989ad7c36dfac7bdb9caaf09415b50
347,110f17b64f203ac74309bd81c48860be,34ef27d9cfb4422f01e8b07a0705006c,6f989ad7c36dfac7bdb9caaf09415b50
348,1b01aac8db7c50cd376527464a248c28,bf49256432a754cfa4f4d5dd7f98b170,6f989ad7c36dfac7bdb9caaf09415b50
349,ddc995c8f24aef39371a8a14f1f36015,b1e5465d4630b76680dcf98a6ff34bd7,6f989ad7c36dfac7bdb9caaf09415b50
350,5f4778954eb5c29b7d542eabdd8b932f,10168b6f54a3f837f33c3304ab4748fb,6f989ad7c36dfac7bdb9caaf09415b50
351,1876d398d09b7c36fe325fd625119986,6f7d7f0a36b0b709b2addff10b3ee669,6f989ad7c36dfac7bdb9caaf09415b50
352,47f1c06a0f754077715dcc9768722e7c,abd09ec0496df1b58bd01be466146334,6f989ad7c36dfac7bdb9caaf09415b50
353,e3fdee34bd6e292d25df555c4c2b28e8,3e58e16b767c1adf247f6541f50ad975,6f989ad7c36dfac7bdb9caaf09415b50
354,57f770a3ff8fc8d20da676558b8f4d92,33a2858038b0ff59d902969a0fd2b4f2,6f989ad7c36dfac7bdb9caaf09415b50
355,761cca00cae5be2d6d24ac206f69f65d,e6a435f2b91c58f90716883f5c3051b7,6f989ad7c36dfac7bdb9caaf09415b50
356,57640719b40cc6f5d3b43fd5e0b4a5a2,af5baf15215105d6aa3222e05f288be0,6f989ad7c36dfac7bdb9caaf09415b50
357,668a6f4054159372fee7958f5ecdcb9f,63f3d9a5d96c98ac36ce469d43043f4d,6f989ad7c36dfac7bdb9caaf09415b50
358,d76c0a38f524178324f4334523a8d6b8,d5042db652368a550e26429a1d7579d6,6f989ad7c36dfac7bdb9caaf09415b50
359,36891e03006e83612a90f14c430e5825,280bd426e6f1141044d05b4a85370fa0,6f989ad7c36dfac7bdb9caaf09415b50
360,f287bf433e31e29d667c2da4ab32a305,126a8d9f9c9d4ad2ecf69e3ddc0fe740,6f989ad7c36dfac7bdb9caaf09415b50
361,d6c774aa1e3b26cbe052f1b94063c23e,f99aaf64730edcb63c8c4464fa1d0217,6f989ad7c36dfac7bdb9caaf09415b50
362,68cd811cca1b51020b68b52eb800a0cc,791a1754c9669bd7a715f9e0b2b2680f,6f989ad7c36dfac7bdb9caaf09415b50
363,89123d486b1ba23755d58693285e35d2,8efa87d27644dbd0b6efe9c0303d10f8,6f989ad7c36dfac7bdb9caaf09415b50
364,ecd0113a469af3b219b1aec31731d4f6,cc3003e628581ec6dc184afa436a2c63,6f989ad7c36dfac7bdb9caaf09415b50
365,1d23386d28119fe640505aba94c6cda6,e92b2ac239c4c9c0a8332c8636e4dd74,6f989ad7c36dfac7bdb9caaf09415b50
366,acb2ce5dc0d6041d92eec7341bc30d6f,31b3e49425eaf28293bba105ba3aadcb,6f989ad7c36dfac7bdb9caaf09415b50
367,574676a49bd8fa2fd4db638187f273c8,274d57132b67dfac9ed412e6cd4dc21e,6f989ad7c36dfac7bdb9caaf09415b50
368,849fb36cfb142d39b059090adc87d668,2142f3400ecd2cad83c5f08b08965f9a,6f989ad7c36dfac7bdb9caaf09415b50
369,10aab19c1f63a3fdbd4790699f16668a,d43189fe2ce85e486736d1e22f9b5c01,6f989ad7c36dfac7bdb9caaf09415b50
370,8784d0d515099d20389b09d316c05f1b,88b7e7d3044e6e633e719aecd31a996b,6f989ad7c36dfac7bdb9caaf09415b50
371,e40036ccac1b30a0ba97dc205146cfe1,cdb2f60c3ab704efaa1a9357ce72bae1,6f989ad7c36dfac7bdb9caaf09415b50
372,38b776231b7bac8dbf4f5b17bc17a624,790d382c831194050583cca4031de6c2,6f989ad7c36dfac7bdb9caaf09415b50
373,d2bca570a5992abf8016f02a1ed7d85e,4b93399ca5787d3ad3b12029bf4d7bd7,6f989ad7c36dfac7bdb9caaf09415b50
374,c93221992e4b0750c0e2e1db43b6113d,cfafbbd34963a1b1bd6659e375c349d7,6f989ad7c36dfac7bdb9caaf09415b50
375,fd12c04bfaebeea62da05990aedb9982,81bd708c02b7f29e3154bf92a45794c5,6f989ad7c36dfac7bdb9caaf09415b50
376,1b97efdaf6c80dd41e604d02f56416b6,5a86fffd53e5b87351a52f7cad1d326b,6f989ad7c36dfac7bdb9caaf09415b50
377,f77164ab4a75ec1635c647a32e1fee31,629861765b8e99fb8932dddbe4d85dbe,6f989ad7c36dfac7bdb9caaf09415b50
378,dbc12d96863d9e6afbcd6bf1ebd6d93d,e76a22ac347f9593f0a57618e8010a10,6f989ad7c36dfac7bdb9caaf09415b50
379,4db64f477f88572165c4c33e5e593c6a,db6679086f22aaca80c9157d3efad251,6f989ad7c36dfac7bdb9caaf09415b50
380,6546c1b17414a87b4dd3e8ba6879c8b9,95f24d4b8adb62cc1d75a08119d1ca8d,6f989ad7c36dfac7bdb9caaf09415b50
381,2ab5f5299b333be08a92cc2877f337bd,e0c4b7de30bab2fa4948d359e7afeca2,6f989ad7c36dfac7bdb9caaf09415b50
382,34c05b7021923897a3045548ce31aef7,9985d961d35fef8e65537fda5b383e4c,6f989ad7c36dfac7bdb9caaf09415b50
383,55664ce5ef6185a2003707f0e855637f,533db9c87ceafd05b8a6fe35afc21055,6f989ad7c36dfac7bdb9caaf09415b50
384,997efaacf2c0d4994ce2e4da738173e6,594fb82997fcc75ae8d005b2dca1334a,6f989ad7c36dfac7bdb9caaf09415b50
385,98b80acfda7c624649465c2e253296f1,66a01f33991d16973595f8a813d4be6b,6f989ad7c36dfac7bdb9caaf09415b50
386,4384b8943344909a461fc33544b37610,4859d923a7c422df783776eeda7d92e4,6f989ad7c36dfac7bdb9caaf09415b50
387,86c085fa23a266ab51784f9186d7b9f4,1307e90db2e68e7be22d1a456b63e794,6f989ad7c36dfac7bdb9caaf09415b50
388,da060f061b3e59b8003f960bd34e1d40,81a09fe6abbfe591e6bd75851d9a4657,6f989ad7c36dfac7bdb9caaf09415b50
389,610a76bcb2f56b0ac514e88f4f295273,23ac65fd13651135f3520be121a1f3b3,6f989ad7c36dfac7bdb9caaf09415b50
390,778460e61e1d51a76715d635b31cf4b7,25c3f69f16d0385bbd06d151fa87ffe5,6f989ad7c36dfac7bdb9caaf09415b50
391,18e4e2224cfb3507df087c9b0449e511,dd7c84208975aab16e5db37826726610,6f989ad7c36dfac7bdb9caaf09415b50
392,9a303c0fbc6f676aca93565f6175ee86,1b199dd7abdebf421d19cd8cdebdf872,6f989ad7c36dfac7bdb9caaf09415b50
393,011f1baf2f55683fba4569f2c742b57f,1bb55d5c96cc371b905b30698c434a76,6f989ad7c36dfac7bdb9caaf09415b50
394,242ee98b7767e3e857f019fb2ffe7f02,1d6cc151ee33540c8942bdead30299e9,6f989ad7c36dfac7bdb9caaf09415b50
395,519d870d137e1e54d7ad079dfe9ee1c7,6df475d9a1177b5531894317873d8f78,6f989ad7c36dfac7bdb9caaf09415b50
396,3811236c37a655fef20a13d57843d731,1795219a1e3280b8d4de618b232413b1,6f989ad7c36dfac7bdb9caaf09415b50
397,d70909067eff5f421be57696ce33c9a4,65cdc6444d7c8899ebb601bf23119ac0,6f989ad7c36dfac7bdb9caaf09415b50
398,e322fefb5d48e76bc39338976468ed55,16b297c7369a3daadaca923b33f3beb3,6f989ad7c36dfac7bdb9caaf09415b50
399,aa531d262d5e4807f608a995c3bf2776,80584a3980571a1dba6399bde1602839,6f989ad7c36dfac7bdb9caaf09415b50
400,ea61fcaf54d00e11490dc407f55a7f32,d71a8fdda35145923ac71419ac37db12,6f989ad7c36dfac7bdb9caaf09415b50
401,dc43716ca9d0418f45b13b4ba04615fe,4fef7ed42b59b68ed993734695701a96,6f989ad7c36dfac7bdb9caaf09415b50
402,37c066cd29402d1db517d4d686291059,7758d0e7d83c876d6e993097607fd83b,6f989ad7c36dfac7bdb9caaf09415b50
403,3747f4c0208bc9e8a06ff66d2af58540,d38092d01ef203ef46ed876bdc400d29,6f989ad7c36dfac7bdb9caaf09415b50
404,2adf0bb0d2308d5321030e0b194bd58e,dc6834e2d483b6150978c3b87282cc7f,6f989ad7c36dfac7bdb9caaf09415b50
405,193cb8a85778fcc0aa6610e35ec0b55d,7c0a3e848d0c992fe940011fea9dc880,6f989ad7c36dfac7bdb9caaf09415b50
406,ee82d7e17e3579e2235e71de75cf6ad0,b3b70a77f9ee11c79b07fef74805b82d,6f989ad7c36dfac7bdb9caaf09415b50
407,f3f32b1f242d8b156fcada20c114a70f,d7a3c26510a56caf6fda766060d5e5cf,6f989ad7c36dfac7bdb9caaf09415b50
408,50a98ece5383f146123113afca60461f,bd583e3bbdf82a11d2f9ff1972aec745,6f989ad7c36dfac7bdb9caaf09415b50
409,d089f1a994d35aaee68f9ff172877742,46ac6022c4a25f0289959d7faab841da,6f989ad7c36dfac7bdb9caaf09415b50
410,d55ded672f15aa78c7137045d20c3f52,d5c08c9c601bc8dc6c09636a3ae28971,6f989ad7c36dfac7bdb9caaf09415b50
411,d756bb4d933f4af366cb516c5fd59235,130af53314e9e666dc66a98e48ed2602,6f989ad7c36dfac7bdb9caaf09415b50
412,352071f28e29d56176a99daa264406d2,9e877d89a270faed7075c9cc0179a197,6f989ad7c36dfac7bdb9caaf09415b50
413,6142dcee03d0698d546506342f205553,6a1d2a56160de1d73f1934c5e74822e3,6f989ad7c36dfac7bdb9caaf09415b50
414,da3f7f0baf0c429d66b5d4eee1daeb86,a1d67bfa3729ce2407b3fb5840150415,6f989ad7c36dfac7bdb9caaf09415b50
415,5df90f8dc7b1f094a4cce1ae4f673969,5842f884247fb43a227e8dfd0cc5e114,6f989ad7c36dfac7bdb9caaf09415b50
416,f9f52a18ad133864e43ffee262cdf33d,3ccab098afa07c8bc761c336e41483a0,6f989ad7c36dfac7bdb9caaf09415b50
417,59e73b1217a8bc5d3fa0110c16770d7f,cf5c9355e2ca8a3538ef4dbf1f7c53c2,6f989ad7c36dfac7bdb9caaf09415b50
418,88670965e8cf6841a04d277a7a0d82ca,71a351356253efeb6e8227c736f108f1,6f989ad7c36dfac7bdb9caaf09415b50
419,f504e41190c5dc3adaf915c549f4f7d7,21284af86b000adad973a53007fd250e,6f989ad7c36dfac7bdb9caaf09415b50
420,f5a5e42b351fb59b129e5f81ed5db382,8c4fe63772487d48531fa0d4499b1fdc,6f989ad7c36dfac7bdb9caaf09415b50
421,245d5e7e393146555f7ad48d26d83775,83c98172c14747c51b38ce807aca402f,6f989ad7c36dfac7bdb9caaf09415b50
422,fa0df7f25a592d7a8528541977b08f64,73687eba00b26eb033fa51d8a14497f4,6f989ad7c36dfac7bdb9caaf09415b50
423,94ea4acb5c0a59fcf531ddb0d372ca4b,dedcff3ca8c1a736d7b223cf08491d53,6f989ad7c36dfac7bdb9caaf09415b50
424,06a36e04054a7a4824b821d1c90561f3,4a6d39a84f0a9b5aff9783ba7938f543,6f989ad7c36dfac7bdb9caaf09415b50
425,8928a085fb63fdafc449d12410967541,492131483c53de9e684b43842d0c4ea3,6f989ad7c36dfac7bdb9caaf09415b50
426,9d074fe85ae870de24ebe6aa84cfad60,24839abc3fa3c03b0d2e9d0472861daa,6f989ad7c36dfac7bdb9caaf09415b50
427,3e3fff0b540000759f240e9e7d28c839,d20daee256d01e7d453dd1195f7ee5e4,6f989ad7c36dfac7bdb9caaf09415b50
428,8b7a01e34f560aaddb21b6711701cf71,82a05564a2c38f3ccc9efdbfadf75c08,6f989ad7c36dfac7bdb9caaf09415b50
429,010cb690d19f03f14dde991c660cea03,cc781f7a68ba1c9e6da7bd918d7d57a8,6f989ad7c36dfac7bdb9caaf09415b50
430,d1b4393eefa64fa54c1d905914ceda76,6e9a90df29c230e7c7545a31970dea4e,6f989ad7c36dfac7bdb9caaf09415b50
431,9e346dedc4c99b3d53f868f14c53fab0,7bf6ee38245549c03ef114e1061dd49f,6f989ad7c36dfac7bdb9caaf09415b50
432,1380b5851382954e85ed085f9cd3e464,926bfedf60298461820e2955d62837ab,6f989ad7c36dfac7bdb9caaf09415b50
433,55dab3beb1b6179f841972e2317e1367,5035eedee4f3f927b09555eedf5f5a91,6f989ad7c36dfac7bdb9caaf09415b50
434,4eee45107eae97da2b0150f32cf3b2a7,f4a0673cb86581e68a4230b71f6d71e4,6f989ad7c36dfac7bdb9caaf09415b50
435,a8880c88a8ac813cc35f69fa4b875b42,ceb9f0397cbc19fae737e0b50c462a2d,6f989ad7c36dfac7bdb9caaf09415b50
436,a0e5a2633aab874cb222f41a4ffebd51,4ae93f35cbf19cf1a49ce5b18c87e8b9,6f989ad7c36dfac7bdb9caaf09415b50
437,3ad0c570476455ab5e8701506711b7cc,744be9d369a9b1f48bd3ff48c6265a03,6f989ad7c36dfac7bdb9caaf09415b50
438,b0c3c2784929910984ce0a62d61a9670,a2bed2c0512f4fd775ad983ca89b4d39,6f989ad7c36dfac7bdb9caaf09415b50
439,70fcf5b01f1b2557eddbc2c2c18a0eee,4031f9f18f1f979ee40caccebb9fbad9,6f989ad7c36dfac7bdb9caaf09415b50
440,7306a7791970ef17fa6c39578a1951a7,885fc2ba127018da1f2215a8b84d4c25,6f989ad7c36dfac7bdb9caaf09415b50
441,5a6251f6ad9fbc5e463eca04c77907fa,2ffdf687ffd29af2a8f0bc599eb3ab01,6f989ad7c36dfac7bdb9caaf09415b50
442,032a926560d59c09526b6199d03c839c,6981fc90d5c402b7b0e1da8f481db289,6f989ad7c36dfac7bdb9caaf09415b50
443,5fb5deac2226f3db284754126adc63fc,959c1b8c98cba9e7dc3b317cf179fa23,6f989ad7c36dfac7bdb9caaf09415b50
444,1b2e8e95b07cf63ebf7ca3090fb79e2b,8972fffbbc28c3ad51ad08377c2aabbc,6f989ad7c36dfac7bdb9caaf09415b50
445,f9f76aec0076f7d450502d1baaeb2545,a3cb156bb978efecc955f284cd670a83,6f989ad7c36dfac7bdb9caaf09415b50
446,44ce428d29c07ef494f35a6564142848,304b6f16f0e598c3f751cd02fa80465e,6f989ad7c36dfac7bdb9caaf09415b50
447,8f14408540793aaa451ba63ab23b4fbb,5b9de01b088f87e69ce03d4e5b97571e,6f989ad7c36dfac7bdb9caaf09415b50
448,eaab0871fa81ee567fc2267f19e7af5b,a275b4c01bfad474998b005135a96670,6f989ad7c36dfac7bdb9caaf09415b50
449,66dee152b703b71dbbaf67c03a7cff31,2618e175cda877d8be533f09150848d2,6f989ad7c36dfac7bdb9caaf09415b50
450,1e613496574787195f3518db194e7e0b,f77f4684190aa6952e6ec51d6b5f2b58,6f989ad7c36dfac7bdb9caaf09415b50
451,962f135a7cf96f2a4a71e0fd90220a5b,44f448039f301bcd8352ea7f999af02a,6f989ad7c36dfac7bdb9caaf09415b50
452,d4164e265a130ced90ac24ebffcbf824,df52756b30a37b5181c0d08a0b2be4e9,6f989ad7c36dfac7bdb9caaf09415b50
453,26239fb928c1b43d856d9e62b93e2266,236497c5f013dd03e130abd68e322ef5,6f989ad7c36dfac7bdb9caaf09415b50
454,aa1b3e1bacb1487cd1a411d2018c7636,cba040fec0acba810742784ece0af2e6,6f989ad7c36dfac7bdb9caaf09415b50
455,9ca6a5e5f53ed500c40d500e2bf22d50,dbaa122a7f2b9b457df4d46c23f8fdc3,6f989ad7c36dfac7bdb9caaf09415b50
456,15837908a99d285e75ebc9fd36876e37,49288953749ac614bdf37ef72c47d29c,6f989ad7c36dfac7bdb9caaf09415b50
457,bb0d378f799d18acbbe85c73992d5384,0e7b82a02d91ccea8f25c6abd5043bd7,6f989ad7c36dfac7bdb9caaf09415b50
458,97affa72331bca013ba1eed20033100e,afe4e61404d4b6e12e364863a543b890,6f989ad7c36dfac7bdb9caaf09415b50
459,224e12bfb14ae33709984acd24a634f1,ca0135f0586e5091317731cc0ac993f1,6f989ad7c36dfac7bdb9caaf09415b50
460,2b3cd055937ef2929b8841a69118a9a3,8f924ca954ad67750cefd0a9b101827c,6f989ad7c36dfac7bdb9caaf09415b50
461,0f66551b60ae67a62e5ad7d495590ea6,616cd2f6b515e8cd1ae4b93ab9e508b2,6f989ad7c36dfac7bdb9caaf09415b50
462,82a7d203cbaa789b87cd80cf69da72b7,2547145e8dda55e9879e72709261d247,6f989ad7c36dfac7bdb9caaf09415b50
463,b07a08524d931f2950bc543f3689d694,998f23eaf20efabee9ac69a512e37e58,6f989ad7c36dfac7bdb9caaf09415b50
464,dea68f20511e7505dfad84c3ab7f5030,6d57d5fb804fa5b6ad818fe344ac01de,6f989ad7c36dfac7bdb9caaf09415b50
465,94774f95e224021cfde9a0754f306267,edaf6501607904f71f45d7bed5e582cf,6f989ad7c36dfac7bdb9caaf09415b50
466,355a9730b96a68ff708ff6b0a8bfc2fc,6748ae9ac33381aebad4d0b092d24b81,6f989ad7c36dfac7bdb9caaf09415b50
467,42100bc548446fba100a0c1e7c1cf6d2,8f446b06245ef719149a58ec46faf08f,6f989ad7c36dfac7bdb9caaf09415b50
468,ff5ad9c77b6619e1843ea956442dea1f,818906496f92845121ae41758b3a2ecf,6f989ad7c36dfac7bdb9caaf09415b50
469,14e86fcff726e983fb0825fa5dbfc6c0,a0f88be2e5c3494bc76f9761b972e4cc,6f989ad7c36dfac7bdb9caaf09415b50
470,5e04437d1c2dcaf1b4a46eb63a391b2b,7f96b0303bb61953e693010e82a32ded,6f989ad7c36dfac7bdb9caaf09415b50
471,eb9d3db45566d9895daf0fa4ff563e9e,3a357be422781d30d9d46c08b24616b4,6f989ad7c36dfac7bdb9caaf09415b50
472,3dbd61f8314a272dd85ea63a703b884d,dc96e31216369957b96def680844baf0,6f989ad7c36dfac7bdb9caaf09415b50
473,264bb02f6c96860766dbb0800926ca1d,2a665fc74d9f8716d0f7864d8970d44e,6f989ad7c36dfac7bdb9caaf09415b50
474,4fcfe4443c07f64455d9333bba69059c,bcffcf262243781bc22f57509d088b4f,6f989ad7c36dfac7bdb9caaf09415b50
475,af2dfe96fd0e5004b1bc03e0286d144a,9c38fc30ccf4b2e42ddeb74969985ad5,6f989ad7c36dfac7bdb9caaf09415b50
476,b3df614609550775c2151a5609a2efac,d5c04293df1941f3bc42afe4acac650e,6f989ad7c36dfac7bdb9caaf09415b50
477,87c76501e4f27e6a4b75a00813c6e3b0,4ed32867e1e262d31d101c05d41f07ae,6f989ad7c36dfac7bdb9caaf09415b50
478,74216ba0347a310f432f86b5e017920e,f2241c407aee0f14b089d20ba3d93f94,6f989ad7c36dfac7bdb9caaf09415b50
479,e3133cd36b0fdf5d9402d949deb7183e,a8a9e8d42f53e453d78d16801b71d06d,6f989ad7c36dfac7bdb9caaf09415b50
480,3a252ea8c512b61e2745e45934221170,9a8076c33fb327b7d2c60b62cadda108,6f989ad7c36dfac7bdb9caaf09415b50
481,c628f9362f9fc08a254aff469528e0be,e4427d013389cb4b3c1fe354f3ae9aad,6f989ad7c36dfac7bdb9caaf09415b50
482,d07876ef6029ef2921d6556c0f233cf2,08e401e999ca6b568d932cb802090fbf,6f989ad7c36dfac7bdb9caaf09415b50
483,5900de7b7583a3a4df2fbacf77fefa05,500fd13e91dc65557b7e25e38a453f1e,6f989ad7c36dfac7bdb9caaf09415b50
484,d409ddc04ff859554699283c577078d6,f2463b0702b30113ce4834e0d755f1e8,6f989ad7c36dfac7bdb9caaf09415b50
485,75ad9b5dc889f3dd0086f7e74e12683e,32707bbdc9ecf4421f4fcc4c36bdfc21,6f989ad7c36dfac7bdb9caaf09415b50
486,1ac7905dc4d190fdd30d71d63e36adea,9172fd7ece9fef9e83b6f7731ee7da73,6f989ad7c36dfac7bdb9caaf09415b50
487,f585ba8d3effab307afcbd9e62b56f3f,72646f13cfc75ec9951d9592c5a42a32,6f989ad7c36dfac7bdb9caaf09415b50
488,c8138bb28346b848ff05697a026d77af,6c24e13a022a922a41900884d004d942,6f989ad7c36dfac7bdb9caaf09415b50
489,a1991a6ee05d9e236738df321dd586b6,94e446f490c6612caf5d7cf902befefb,6f989ad7c36dfac7bdb9caaf09415b50
490,b1a54c9efc49519d6e3db37a93865fc5,253a033974a20c8c9d414f512652281d,6f989ad7c36dfac7bdb9caaf09415b50
491,e391985e20ff3591b39d9370a520907b,f7f27daa7edd9328c412fb61adb276d4,6f989ad7c36dfac7bdb9caaf09415b50
492,989940b68b3cabdf2731298e62b4bd95,be761300f4defeb4d2f721a091daccdf,6f989ad7c36dfac7bdb9caaf09415b50
493,4819bdfa2d2a2587cee69fd4d280bc16,26615ac71859c8c3361de79e37511794,6f989ad7c36dfac7bdb9caaf09415b50
494,00cb968fb78ca2e6eddd9caceb6d6c13,243a53fb8c2e6d338f33a966c023742e,6f989ad7c36dfac7bdb9caaf09415b50
495,783439cb38d42299ac89e78ca9d601ff,05c940fb652cd5f51d1afd73b6871b6d,6f989ad7c36dfac7bdb9caaf09415b50
496,5b36ee342f3f2d9ae5ea76c0e10d9a62,8697273492622108cdd77ad2949ee8d3,6f989ad7c36dfac7bdb9caaf09415b50
497,529b085f8dbd1dffe18fca11484d27dc,f2bcb3897607fb0f4c9ee541fbfef05d,6f989ad7c36dfac7bdb9caaf09415b50
498,841371fe03c5e8c94f2e4b49a359b3ad,5cd93387f8c0cb1f61e7a202dd9acb5c,6f989ad7c36dfac7bdb9caaf09415b50
499,93fc040783707ad3ab09d7bc1be49a99,2944cd58034221adbc7a14aa300929f7,6f989ad7c36dfac7bdb9caaf09415b50
