x-axis,F1
second,Volt
-64.60000E-03,
-64.56400E-03,+117.86E-06
-64.52800E-03,+149.78E-06
-64.49200E-03,+65.03E-06
-64.45600E-03,+135.10E-06
-64.42000E-03,+150.45E-06
-64.38400E-03,+169.36E-06
-64.34800E-03,+190.30E-06
-64.31200E-03,+201.11E-06
-64.27600E-03,+201.11E-06
-64.24000E-03,+177.31E-06
-64.20400E-03,+121.76E-06
-64.16800E-03,+251.16E-06
-64.13200E-03,+150.45E-06
-64.09600E-03,+145.78E-06
-64.06000E-03,+150.45E-06
-64.02400E-03,+239.82E-06
-63.98800E-03,+170.04E-06
-63.95200E-03,+201.11E-06
-63.91600E-03,+236.48E-06
-63.88000E-03,+170.55E-06
-63.84400E-03,+202.45E-06
-63.80800E-03,+241.82E-06
-63.77200E-03,+266.51E-06
-63.73600E-03,+225.80E-06
-63.70000E-03,+234.48E-06
-63.66400E-03,+259.83E-06
-63.62800E-03,+251.16E-06
-63.59200E-03,+251.16E-06
-63.55600E-03,+231.81E-06
-63.52000E-03,+201.11E-06
-63.48400E-03,+213.56E-06
-63.44800E-03,+121.89E-06
-63.41200E-03,+248.49E-06
-63.37600E-03,+201.11E-06
-63.34000E-03,+251.16E-06
-63.30400E-03,+179.50E-06
-63.26800E-03,+201.11E-06
-63.23200E-03,+188.28E-06
-63.19600E-03,+251.16E-06
-63.16000E-03,+201.11E-06
-63.12400E-03,+161.93E-06
-63.08800E-03,+231.81E-06
-63.05200E-03,+201.11E-06
-63.01600E-03,+215.79E-06
-62.98000E-03,+244.49E-06
-62.94400E-03,+252.49E-06
-62.90800E-03,+251.16E-06
-62.87200E-03,+251.16E-06
-62.83600E-03,+276.52E-06
-62.80000E-03,+267.84E-06
-62.76400E-03,+242.48E-06
-62.72800E-03,+201.78E-06
-62.69200E-03,+243.82E-06
-62.65600E-03,+216.46E-06
-62.62000E-03,+254.50E-06
-62.58400E-03,+282.52E-06
-62.54800E-03,+182.61E-06
-62.51200E-03,+203.78E-06
-62.47600E-03,+251.16E-06
-62.44000E-03,+201.11E-06
-62.40400E-03,+251.16E-06
-62.36800E-03,+251.16E-06
-62.33200E-03,+301.21E-06
-62.29600E-03,+291.87E-06
-62.26000E-03,+254.50E-06
-62.22400E-03,+251.16E-06
-62.18800E-03,+251.16E-06
-62.15200E-03,+278.52E-06
-62.11600E-03,+316.07E-06
-62.08000E-03,+307.96E-06
-62.04400E-03,+253.85E-06
-62.00800E-03,+301.21E-06
-61.97200E-03,+351.87E-06
-61.93600E-03,+326.20E-06
-61.90000E-03,+318.09E-06
-61.86400E-03,+318.66E-06
-61.82800E-03,+451.97E-06
-61.79200E-03,+451.97E-06
-61.75600E-03,+316.74E-06
-61.72000E-03,+324.85E-06
-61.68400E-03,+269.84E-06
-61.64800E-03,+341.06E-06
-61.61200E-03,+303.91E-06
-61.57600E-03,+295.87E-06
-61.54000E-03,+351.87E-06
-61.50400E-03,+322.82E-06
-61.46800E-03,+322.15E-06
-61.43200E-03,+339.03E-06
-61.39600E-03,+351.87E-06
-61.36000E-03,+257.87E-06
-61.32400E-03,+340.38E-06
-61.28800E-03,+301.21E-06
-61.25200E-03,+346.86E-06
-61.21600E-03,+337.01E-06
-61.18000E-03,+345.11E-06
-61.14400E-03,+399.23E-06
-61.10800E-03,+351.87E-06
-61.07200E-03,+351.87E-06
-61.03600E-03,+401.92E-06
-61.00000E-03,+368.55E-06
-60.96400E-03,+393.24E-06
-60.92800E-03,+401.92E-06
-60.89200E-03,+387.15E-06
-60.85600E-03,+401.92E-06
-60.82000E-03,+351.87E-06
-60.78400E-03,+401.92E-06
-60.74800E-03,+362.54E-06
-60.71200E-03,+349.17E-06
-60.67600E-03,+306.61E-06
-60.64000E-03,+388.57E-06
-60.60400E-03,+373.22E-06
-60.56800E-03,+372.55E-06
-60.53200E-03,+389.24E-06
-60.49600E-03,+361.21E-06
-60.46000E-03,+304.59E-06
-60.42400E-03,+363.21E-06
-60.38800E-03,+382.56E-06
-60.35200E-03,+474.93E-06
-60.31600E-03,+416.60E-06
-60.28000E-03,+401.92E-06
-60.24400E-03,+354.54E-06
-60.20800E-03,+442.62E-06
-60.17200E-03,+401.92E-06
-60.13600E-03,+451.97E-06
-60.10000E-03,+468.85E-06
-60.06400E-03,+451.97E-06
-60.02800E-03,+451.97E-06
-59.99200E-03,+409.26E-06
-59.95600E-03,+417.26E-06
-59.92000E-03,+401.92E-06
-59.88400E-03,+439.51E-06
-59.84800E-03,+451.97E-06
-59.81200E-03,+404.59E-06
-59.77600E-03,+451.97E-06
-59.74000E-03,+415.26E-06
-59.70400E-03,+451.97E-06
-59.66800E-03,+422.60E-06
-59.63200E-03,+390.06E-06
-59.59600E-03,+497.90E-06
-59.56000E-03,+455.34E-06
-59.52400E-03,+451.97E-06
-59.48800E-03,+421.27E-06
-59.45200E-03,+324.17E-06
-59.41600E-03,+387.24E-06
-59.38000E-03,+388.49E-06
-59.34400E-03,+353.20E-06
-59.30800E-03,+392.57E-06
-59.27200E-03,+318.77E-06
-59.23600E-03,+376.56E-06
-59.20000E-03,+385.23E-06
-59.16400E-03,+443.29E-06
-59.12800E-03,+301.21E-06
-59.09200E-03,+394.58E-06
-59.05600E-03,+351.87E-06
-59.02000E-03,+301.21E-06
-58.98400E-03,+351.87E-06
-58.94800E-03,+322.69E-06
-58.91200E-03,+399.25E-06
-58.87600E-03,+357.21E-06
-58.84000E-03,+351.87E-06
-58.80400E-03,+322.82E-06
-58.76800E-03,+381.23E-06
-58.73200E-03,+301.21E-06
-58.69600E-03,+305.94E-06
-58.66000E-03,+254.50E-06
-58.62400E-03,+273.99E-06
-58.58800E-03,+312.93E-06
-58.55200E-03,+328.90E-06
-58.51600E-03,+280.70E-06
-58.48000E-03,+388.49E-06
-58.44400E-03,+498.60E-06
-58.40800E-03,+260.50E-06
-58.37200E-03,+351.87E-06
-58.33600E-03,+351.87E-06
-58.30000E-03,+334.98E-06
-58.26400E-03,+351.87E-06
-58.22800E-03,+301.21E-06
-58.19200E-03,+308.64E-06
-58.15600E-03,+351.87E-06
-58.12000E-03,+375.22E-06
-58.08400E-03,+301.21E-06
-58.04800E-03,+362.54E-06
-58.01200E-03,+253.83E-06
-57.97600E-03,+295.87E-06
-57.94000E-03,+351.87E-06
-57.90400E-03,+330.25E-06
-57.86800E-03,+372.55E-06
-57.83200E-03,+339.03E-06
-57.79600E-03,+351.87E-06
-57.76000E-03,+307.92E-06
-57.72400E-03,+351.87E-06
-57.68800E-03,+320.80E-06
-57.65200E-03,+346.86E-06
-57.61600E-03,+286.53E-06
-57.58000E-03,+264.59E-06
-57.54400E-03,+350.52E-06
-57.50800E-03,+351.87E-06
-57.47200E-03,+334.31E-06
-57.43600E-03,+301.21E-06
-57.40000E-03,+251.16E-06
-57.36400E-03,+301.21E-06
-57.32800E-03,+400.57E-06
-57.29200E-03,+301.21E-06
-57.25600E-03,+285.86E-06
-57.22000E-03,+277.85E-06
-57.18400E-03,+282.52E-06
-57.14800E-03,+190.30E-06
-57.11200E-03,+298.54E-06
-57.07600E-03,+256.50E-06
-57.04000E-03,+251.16E-06
-57.00400E-03,+279.85E-06
-56.96800E-03,+271.85E-06
-56.93200E-03,+339.03E-06
-56.89600E-03,+251.16E-06
-56.86000E-03,+251.16E-06
-56.82400E-03,+312.69E-06
-56.78800E-03,+251.16E-06
-56.75200E-03,+342.19E-06
-56.71600E-03,+224.21E-06
-56.68000E-03,+495.87E-06
-56.64400E-03,+501.27E-06
-56.60800E-03,+461.42E-06
-56.57200E-03,+519.97E-06
-56.53600E-03,+527.32E-06
-56.50000E-03,+368.35E-06
-56.46400E-03,+862.86E-06
-56.42800E-03,+852.18E-06
-56.39200E-03,+565.93E-06
-56.35600E-03,+181.34E-06
-56.32000E-03,+150.45E-06
-56.28400E-03,+201.11E-06
-56.24800E-03,+100.40E-06
-56.21200E-03,+100.40E-06
-56.17600E-03,+145.11E-06
-56.14000E-03,+137.11E-06
-56.10400E-03,+43.01E-06
-56.06800E-03,+50.35E-06
-56.03200E-03,+100.40E-06
-55.99600E-03,+310E-09
-55.96000E-03,-49.74E-06
-55.92400E-03,+73.04E-06
-55.88800E-03,+31.00E-06
-55.85200E-03,+310E-09
-55.81600E-03,+71.04E-06
-55.78000E-03,+57.03E-06
-55.74400E-03,+99.07E-06
-55.70800E-03,-31.06E-06
-55.67200E-03,+67.70E-06
-55.63600E-03,-49.08E-06
-55.60000E-03,-99.79E-06
-55.56400E-03,-91.12E-06
-55.52800E-03,+310E-09
-55.49200E-03,+207.03E-06
-55.45600E-03,+35.01E-06
-55.42000E-03,-76.44E-06
-55.38400E-03,-49.74E-06
-55.34800E-03,-49.74E-06
-55.31200E-03,-102.46E-06
-55.27600E-03,-105.13E-06
-55.24000E-03,+40.34E-06
-55.20400E-03,+57.29E-06
-55.16800E-03,-49.74E-06
-55.13200E-03,-112.47E-06
-55.09600E-03,+213.73E-06
-55.06000E-03,-193.79E-06
-55.02400E-03,-61.09E-06
-54.98800E-03,-30.39E-06
-54.95200E-03,-95.12E-06
-54.91600E-03,+23.84E-06
-54.88000E-03,-156.60E-06
-54.84400E-03,-199.15E-06
-54.80800E-03,-209.84E-06
-54.77200E-03,-99.79E-06
-54.73600E-03,+78.02E-06
-54.70000E-03,-83.11E-06
-54.66400E-03,-99.79E-06
-54.62800E-03,-149.17E-06
-54.59200E-03,-149.84E-06
-54.55600E-03,-92.88E-06
-54.52000E-03,-120.10E-06
-54.48400E-03,-149.84E-06
-54.44800E-03,-200.50E-06
-54.41200E-03,-297.93E-06
-54.37600E-03,-300.60E-06
-54.34000E-03,-173.65E-06
-54.30400E-03,+57.69E-06
-54.26800E-03,-212.15E-06
-54.23200E-03,-275.24E-06
-54.19600E-03,-163.02E-06
-54.16000E-03,-153.22E-06
-54.12400E-03,-133.96E-06
-54.08800E-03,-99.79E-06
-54.05200E-03,-72.43E-06
-54.01600E-03,-49.74E-06
-53.98000E-03,-149.84E-06
-53.94400E-03,-199.15E-06
-53.90800E-03,-68.43E-06
-53.87200E-03,-132.49E-06
-53.83600E-03,-126.13E-06
-53.80000E-03,+50.35E-06
-53.76400E-03,-149.84E-06
-53.72800E-03,-249.88E-06
-53.69200E-03,-142.50E-06
-53.65600E-03,-134.49E-06
-53.62000E-03,-99.79E-06
-53.58400E-03,-181.59E-06
-53.54800E-03,-211.18E-06
-53.51200E-03,-247.88E-06
-53.47600E-03,-200.50E-06
-53.44000E-03,-163.35E-06
-53.40400E-03,-128.49E-06
-53.36800E-03,-250.55E-06
-53.33200E-03,-275.24E-06
-53.29600E-03,-295.93E-06
-53.26000E-03,-300.60E-06
-53.22400E-03,-56.56E-06
-53.18800E-03,-84.15E-06
-53.15200E-03,-255.22E-06
-53.11600E-03,-271.24E-06
-53.08000E-03,+93.73E-06
-53.04400E-03,-201.84E-06
-53.00800E-03,-140.50E-06
-52.97200E-03,-167.40E-06
-52.93600E-03,-174.83E-06
-52.90000E-03,-116.48E-06
-52.86400E-03,-250.55E-06
-52.82800E-03,-199.83E-06
-52.79200E-03,-149.84E-06
-52.75600E-03,-130.68E-06
-52.72000E-03,-227.19E-06
-52.68400E-03,-269.23E-06
-52.64800E-03,-239.87E-06
-52.61200E-03,-205.84E-06
-52.57600E-03,-245.21E-06
-52.54000E-03,-200.50E-06
-52.50400E-03,-229.20E-06
-52.46800E-03,-200.50E-06
-52.43200E-03,-250.55E-06
-52.39600E-03,-145.17E-06
-52.36000E-03,+271.14E-06
-52.32400E-03,-149.84E-06
-52.28800E-03,-184.25E-06
-52.25200E-03,-223.19E-06
-52.21600E-03,-285.92E-06
-52.18000E-03,-300.60E-06
-52.14400E-03,-303.28E-06
-52.10800E-03,-263.11E-06
-52.07200E-03,-265.90E-06
-52.03600E-03,-250.55E-06
-52.00000E-03,-284.12E-06
-51.96400E-03,+39.57E-06
-51.92800E-03,-301.27E-06
-51.89200E-03,-243.21E-06
-51.85600E-03,-219.67E-06
-51.82000E-03,-297.55E-06
-51.78400E-03,-206.95E-06
-51.74800E-03,-340.45E-06
-51.71200E-03,-253.22E-06
-51.67600E-03,-395.97E-06
-51.64000E-03,-263.90E-06
-51.60400E-03,-221.85E-06
-51.56800E-03,-250.55E-06
-51.53200E-03,-225.04E-06
-51.49600E-03,-264.62E-06
-51.46000E-03,-351.26E-06
-51.42400E-03,-239.20E-06
-51.38800E-03,-250.55E-06
-51.35200E-03,-250.55E-06
-51.31600E-03,-164.70E-06
-51.28000E-03,-136.49E-06
-51.24400E-03,+187.73E-06
-51.20800E-03,-241.21E-06
-51.17200E-03,-316.35E-06
-51.13600E-03,-325.59E-06
-51.10000E-03,-267.23E-06
-51.06400E-03,-409.98E-06
-51.02800E-03,-400.64E-06
-50.99200E-03,-285.92E-06
-50.95600E-03,-316.13E-06
-50.92000E-03,-250.55E-06
-50.88400E-03,-319.51E-06
-50.84800E-03,-322.08E-06
-50.81200E-03,-247.88E-06
-50.77600E-03,-255.89E-06
-50.74000E-03,-364.60E-06
-50.70400E-03,-192.81E-06
-50.66800E-03,-17.05E-06
-50.63200E-03,-276.06E-06
-50.59600E-03,-346.53E-06
-50.56000E-03,-207.17E-06
-50.52400E-03,-200.50E-06
-50.48800E-03,-158.09E-06
-50.45200E-03,-300.60E-06
-50.41600E-03,-365.94E-06
-50.38000E-03,-351.26E-06
-50.34400E-03,-250.55E-06
-50.30800E-03,-55.86E-06
-50.27200E-03,-316.35E-06
-50.23600E-03,-224.21E-06
-50.20000E-03,-300.60E-06
-50.16400E-03,-259.22E-06
-50.12800E-03,+243.80E-06
-50.09200E-03,-386.54E-06
-50.05600E-03,-366.61E-06
-50.02000E-03,-327.62E-06
-49.98400E-03,-426.22E-06
-49.94800E-03,-480.53E-06
-49.91200E-03,-398.64E-06
-49.87600E-03,-266.63E-06
-49.84000E-03,-263.90E-06
-49.80400E-03,-358.34E-06
-49.76800E-03,-330.32E-06
-49.73200E-03,-388.63E-06
-49.69600E-03,-310.00E-06
-49.66000E-03,-351.26E-06
-49.62400E-03,-362.60E-06
-49.58800E-03,-292.96E-06
-49.55200E-03,-163.46E-06
-49.51600E-03,-351.26E-06
-49.48000E-03,-331.16E-06
-49.44400E-03,-153.86E-06
-49.40800E-03,-300.60E-06
-49.37200E-03,-333.70E-06
-49.33600E-03,-376.62E-06
-49.30000E-03,-367.94E-06
-49.26400E-03,-392.63E-06
-49.22800E-03,-245.87E-06
-49.19200E-03,+13.56E-06
-49.15600E-03,-335.72E-06
-49.12000E-03,-351.26E-06
-49.08400E-03,-250.55E-06
-49.04800E-03,-289.92E-06
-49.01200E-03,-110.50E-06
-48.97600E-03,-300.60E-06
-48.94000E-03,-287.25E-06
-48.90400E-03,-300.60E-06
-48.86800E-03,-330.32E-06
-48.83200E-03,-338.42E-06
-48.79600E-03,-272.51E-06
-48.76000E-03,-6.37E-06
-48.72400E-03,-266.43E-06
-48.68800E-03,-320.19E-06
-48.65200E-03,-141.50E-06
-48.61600E-03,-321.72E-06
-48.58000E-03,-257.22E-06
-48.54400E-03,-297.93E-06
-48.50800E-03,-137.28E-06
-48.47200E-03,-233.20E-06
-48.43600E-03,-198.86E-06
-48.40000E-03,-100.00E-06
-48.36400E-03,-300.60E-06
-48.32800E-03,-300.60E-06
-48.29200E-03,-243.21E-06
-48.25600E-03,-111.32E-06
-48.22000E-03,-327.62E-06
-48.18400E-03,-288.15E-06
-48.14800E-03,-261.23E-06
-48.11200E-03,-305.97E-06
-48.07600E-03,-15.71E-06
-48.04000E-03,-200.50E-06
-48.00400E-03,-271.90E-06
-47.96800E-03,-221.19E-06
-47.93200E-03,-149.84E-06
-47.89600E-03,-241.15E-06
-47.86000E-03,-250.55E-06
-47.82400E-03,-250.55E-06
-47.78800E-03,-231.20E-06
-47.75200E-03,-250.55E-06
-47.71600E-03,-221.01E-06
-47.68000E-03,-86.45E-06
-47.64400E-03,-2.36E-06
-47.60800E-03,-241.21E-06
-47.57200E-03,-217.85E-06
-47.53600E-03,+99.37E-06
-47.50000E-03,-200.50E-06
-47.46400E-03,-250.55E-06
-47.42800E-03,-199.83E-06
-47.39200E-03,-135.16E-06
-47.35600E-03,-19.05E-06
-47.32000E-03,-176.86E-06
-47.28400E-03,-131.16E-06
-47.24800E-03,-171.33E-06
-47.21200E-03,-247.88E-06
-47.17600E-03,+29.00E-06
-47.14000E-03,-149.84E-06
-47.10400E-03,-107.13E-06
-47.06800E-03,-179.56E-06
-47.03200E-03,-87.11E-06
-46.99600E-03,+428.55E-06
-46.96000E-03,-149.84E-06
-46.92400E-03,-149.84E-06
-46.88800E-03,-158.09E-06
-46.85200E-03,-72.43E-06
-46.81600E-03,-129.33E-06
-46.78000E-03,-193.75E-06
-46.74400E-03,-48.41E-06
-46.70800E-03,-149.84E-06
-46.67200E-03,-198.29E-06
-46.63600E-03,-175.51E-06
-46.60000E-03,-99.79E-06
-46.56400E-03,-91.12E-06
-46.52800E-03,-101.14E-06
-46.49200E-03,-99.79E-06
-46.45600E-03,-65.09E-06
-46.42000E-03,+127.10E-06
-46.38400E-03,-18.38E-06
-46.34800E-03,-60.42E-06
-46.31200E-03,-99.79E-06
-46.27600E-03,-49.74E-06
-46.24000E-03,-136.49E-06
-46.20400E-03,-92.45E-06
-46.16800E-03,-191.47E-06
-46.13200E-03,-87.94E-06
-46.09600E-03,-45.07E-06
-46.06000E-03,-96.46E-06
-46.02400E-03,-61.09E-06
-45.98800E-03,-119.14E-06
-45.95200E-03,+310E-09
-45.91600E-03,+310E-09
-45.88000E-03,+385.07E-06
-45.84400E-03,-147.17E-06
-45.80800E-03,-27.72E-06
-45.77200E-03,-49.74E-06
-45.73600E-03,-48.41E-06
-45.70000E-03,-99.79E-06
-45.66400E-03,-49.74E-06
-45.62800E-03,+151.79E-06
-45.59200E-03,+310E-09
-45.55600E-03,-19.05E-06
-45.52000E-03,+30.33E-06
-45.48400E-03,-49.74E-06
-45.44800E-03,-49.74E-06
-45.41200E-03,-49.74E-06
-45.37600E-03,+89.73E-06
-45.34000E-03,+50.35E-06
-45.30400E-03,+128.69E-06
-45.26800E-03,+118.11E-06
-45.23200E-03,-62.42E-06
-45.19600E-03,+50.35E-06
-45.16000E-03,+57.03E-06
-45.12400E-03,+244.35E-06
-45.08800E-03,+81.05E-06
-45.05200E-03,-17.71E-06
-45.01600E-03,-35.06E-06
-44.98000E-03,+93.73E-06
-44.94400E-03,+393.88E-06
-44.90800E-03,+28.33E-06
-44.87200E-03,+35.01E-06
-44.83600E-03,+75.71E-06
-44.80000E-03,+100.40E-06
-44.76400E-03,+225.03E-06
-44.72800E-03,+51.02E-06
-44.69200E-03,+50.35E-06
-44.65600E-03,+100.40E-06
-44.62000E-03,+100.40E-06
-44.58400E-03,+69.04E-06
-44.54800E-03,+114.68E-06
-44.51200E-03,+486.54E-06
-44.47600E-03,+116.48E-06
-44.44000E-03,+123.76E-06
-44.40400E-03,+301.97E-06
-44.36800E-03,+100.40E-06
-44.33200E-03,+75.04E-06
-44.29600E-03,+105.07E-06
-44.26000E-03,+150.45E-06
-44.22400E-03,+123.23E-06
-44.18800E-03,+197.64E-06
-44.15200E-03,-22.38E-06
-44.11600E-03,+14.99E-06
-44.08000E-03,+187.68E-06
-44.04400E-03,+53.02E-06
-44.00800E-03,+9.65E-06
-43.97200E-03,+83.05E-06
-43.93600E-03,+25.66E-06
-43.90000E-03,+50.35E-06
-43.86400E-03,+91.73E-06
-43.82800E-03,+397.90E-06
-43.79200E-03,+50.35E-06
-43.75600E-03,+35.01E-06
-43.72000E-03,+154.11E-06
-43.68400E-03,+150.45E-06
-43.64800E-03,+171.94E-06
-43.61200E-03,+203.78E-06
-43.57600E-03,+240.42E-06
-43.54000E-03,+177.31E-06
-43.50400E-03,+107.74E-06
-43.46800E-03,+201.11E-06
-43.43200E-03,+414.60E-06
-43.39600E-03,+423.82E-06
-43.36000E-03,+157.17E-06
-43.32400E-03,+166.94E-06
-43.28800E-03,+513.73E-06
-43.25200E-03,+155.46E-06
-43.21600E-03,+135.77E-06
-43.18000E-03,+163.88E-06
-43.14400E-03,+149.12E-06
-43.10800E-03,+119.20E-06
-43.07200E-03,+486.88E-06
-43.03600E-03,+125.76E-06
-43.00000E-03,+83.72E-06
-42.96400E-03,+283.86E-06
-42.92800E-03,+201.11E-06
-42.89200E-03,+279.10E-06
-42.85600E-03,+247.34E-06
-42.82000E-03,+177.47E-06
-42.78400E-03,+219.80E-06
-42.74800E-03,+211.79E-06
-42.71200E-03,+301.21E-06
-42.67600E-03,+201.11E-06
-42.64000E-03,+187.60E-06
-42.60400E-03,+172.07E-06
-42.56800E-03,+313.47E-06
-42.53200E-03,+339.40E-06
-42.49600E-03,+296.54E-06
-42.46000E-03,+204.45E-06
-42.42400E-03,+289.86E-06
-42.38800E-03,+231.81E-06
-42.35200E-03,+150.45E-06
-42.31600E-03,+428.86E-06
-42.28000E-03,+207.78E-06
-42.24400E-03,+251.16E-06
-42.20800E-03,+342.41E-06
-42.17200E-03,+637.63E-06
-42.13600E-03,+251.16E-06
-42.10000E-03,+100.40E-06
-42.06400E-03,+318.66E-06
-42.02800E-03,+351.19E-06
-41.99200E-03,+265.93E-06
-41.95600E-03,+444.33E-06
-41.92000E-03,+251.16E-06
-41.88400E-03,+269.84E-06
-41.84800E-03,+240.48E-06
-41.81200E-03,+58.39E-06
-41.77600E-03,+375.09E-06
-41.74000E-03,+127.26E-06
-41.70400E-03,+86.39E-06
-41.66800E-03,+121.09E-06
-41.63200E-03,+113.08E-06
-41.59600E-03,+100.40E-06
-41.56000E-03,+241.11E-06
-41.52400E-03,+123.23E-06
-41.48800E-03,+201.11E-06
-41.45200E-03,+355.48E-06
-41.41600E-03,+100.40E-06
-41.38000E-03,+143.78E-06
-41.34400E-03,+100.40E-06
-41.30800E-03,+172.97E-06
-41.27200E-03,+133.10E-06
-41.23600E-03,+101.07E-06
-41.20000E-03,+267.84E-06
-41.16400E-03,+117.86E-06
-41.12800E-03,+151.79E-06
-41.09200E-03,+229.05E-06
-41.05600E-03,+456.39E-06
-41.02000E-03,+321.51E-06
-40.98400E-03,+138.00E-06
-40.94800E-03,+240.48E-06
-40.91200E-03,+203.78E-06
-40.87600E-03,+240.42E-06
-40.84000E-03,+167.46E-06
-40.80400E-03,+150.45E-06
-40.76800E-03,+171.39E-06
-40.73200E-03,+113.08E-06
-40.69600E-03,+196.38E-06
-40.66000E-03,+297.87E-06
-40.62400E-03,+50.35E-06
-40.58800E-03,+201.11E-06
-40.55200E-03,+255.83E-06
-40.51600E-03,+265.84E-06
-40.48000E-03,+107.08E-06
-40.44400E-03,+150.45E-06
-40.40800E-03,+100.40E-06
-40.37200E-03,+266.51E-06
-40.33600E-03,+624.37E-06
-40.30000E-03,+234.48E-06
-40.26400E-03,+201.11E-06
-40.22800E-03,+151.79E-06
-40.19200E-03,+251.16E-06
-40.15600E-03,+115.75E-06
-40.12000E-03,+127.10E-06
-40.08400E-03,+338.81E-06
-40.04800E-03,+161.26E-06
-40.01200E-03,+259.20E-06
-39.97600E-03,+279.79E-06
-39.94000E-03,+609.68E-06
-39.90400E-03,+322.82E-06
-39.86800E-03,+201.11E-06
-39.83200E-03,+288.53E-06
-39.79600E-03,+205.78E-06
-39.76000E-03,+251.16E-06
-39.72400E-03,+150.45E-06
-39.68800E-03,+139.34E-06
-39.65200E-03,+228.47E-06
-39.61600E-03,+215.79E-06
-39.58000E-03,+475.77E-06
-39.54400E-03,+151.80E-06
-39.50800E-03,+251.16E-06
-39.47200E-03,+268.51E-06
-39.43600E-03,+176.12E-06
-39.40000E-03,+385.03E-06
-39.36400E-03,+259.83E-06
-39.32800E-03,+299.20E-06
-39.29200E-03,+243.82E-06
-39.25600E-03,+185.58E-06
-39.22000E-03,+201.11E-06
-39.18400E-03,+345.04E-06
-39.14800E-03,+520.51E-06
-39.11200E-03,+248.49E-06
-39.07600E-03,+150.45E-06
-39.04000E-03,+348.37E-06
-39.00400E-03,+150.45E-06
-38.96800E-03,+327.34E-06
-38.93200E-03,+201.11E-06
-38.89600E-03,+155.18E-06
-38.86000E-03,+251.16E-06
-38.82400E-03,+251.16E-06
-38.78800E-03,+351.87E-06
-38.75200E-03,+306.21E-06
-38.71600E-03,+251.16E-06
-38.68000E-03,+244.49E-06
-38.64400E-03,+202.45E-06
-38.60800E-03,+241.82E-06
-38.57200E-03,+367.00E-06
-38.53600E-03,+300.84E-06
-38.50000E-03,+234.48E-06
-38.46400E-03,+209.79E-06
-38.42800E-03,+203.12E-06
-38.39200E-03,+236.39E-06
-38.35600E-03,+196.68E-06
-38.32000E-03,+251.16E-06
-38.28400E-03,+232.47E-06
-38.24800E-03,+567.57E-06
-38.21200E-03,+158.49E-06
-38.17600E-03,+251.16E-06
-38.14000E-03,+251.16E-06
-38.10400E-03,+251.16E-06
-38.06800E-03,+318.92E-06
-38.03200E-03,+138.59E-06
-37.99600E-03,+347.14E-06
-37.96000E-03,+204.45E-06
-37.92400E-03,+201.11E-06
-37.88800E-03,+158.70E-06
-37.85200E-03,+100.40E-06
-37.81600E-03,+366.55E-06
-37.78000E-03,+157.21E-06
-37.74400E-03,+103.09E-06
-37.70800E-03,+141.11E-06
-37.67200E-03,+185.36E-06
-37.63600E-03,+201.11E-06
-37.60000E-03,+201.11E-06
-37.56400E-03,+242.48E-06
-37.52800E-03,+251.16E-06
-37.49200E-03,+329.76E-06
-37.45600E-03,+220.28E-06
-37.42000E-03,+227.80E-06
-37.38400E-03,+263.84E-06
-37.34800E-03,+171.94E-06
-37.31200E-03,+206.45E-06
-37.27600E-03,+245.82E-06
-37.24000E-03,+264.51E-06
-37.20400E-03,+308.90E-06
-37.16800E-03,+550.46E-06
-37.13200E-03,+238.48E-06
-37.09600E-03,+205.78E-06
-37.06000E-03,+251.16E-06
-37.02400E-03,+289.86E-06
-36.98800E-03,+119.76E-06
-36.95200E-03,+228.47E-06
-36.91600E-03,+345.43E-06
-36.88000E-03,+469.10E-06
-36.84400E-03,+151.80E-06
-36.80800E-03,+314.27E-06
-36.77200E-03,+648.95E-06
-36.73600E-03,+275.85E-06
-36.70000E-03,+167.54E-06
-36.66400E-03,+159.23E-06
-36.62800E-03,+201.11E-06
-36.59200E-03,+157.88E-06
-36.55600E-03,+165.99E-06
-36.52000E-03,+201.11E-06
-36.48400E-03,+232.47E-06
-36.44800E-03,+201.11E-06
-36.41200E-03,+147.78E-06
-36.37600E-03,+171.94E-06
-36.34000E-03,+100.40E-06
-36.30400E-03,+158.14E-06
-36.26800E-03,+121.09E-06
-36.23200E-03,+213.79E-06
-36.19600E-03,+145.78E-06
-36.16000E-03,+194.40E-06
-36.12400E-03,+189.63E-06
-36.08800E-03,+231.81E-06
-36.05200E-03,+648.38E-06
-36.01600E-03,+121.09E-06
-35.98000E-03,+63.70E-06
-35.94400E-03,+99.07E-06
-35.90800E-03,+241.82E-06
-35.87200E-03,+100.40E-06
-35.83600E-03,+125.09E-06
-35.80000E-03,+301.62E-06
-35.76400E-03,+192.33E-06
-35.72800E-03,+151.79E-06
-35.69200E-03,+186.34E-06
-35.65600E-03,+467.50E-06
-35.62000E-03,+127.10E-06
-35.58400E-03,+310E-09
-35.54800E-03,+10.98E-06
-35.51200E-03,+97.73E-06
-35.47600E-03,+50.35E-06
-35.44000E-03,+310E-09
-35.40400E-03,+21.66E-06
-35.36800E-03,+310E-09
-35.33200E-03,+50.35E-06
-35.29600E-03,+45.68E-06
-35.26000E-03,+13.69E-06
-35.22400E-03,+16.32E-06
-35.18800E-03,+19.66E-06
-35.15200E-03,+310E-09
-35.11600E-03,+138.80E-06
-35.08000E-03,+100.40E-06
-35.04400E-03,+51.69E-06
-35.00800E-03,+100.40E-06
-34.97200E-03,+85.05E-06
-34.93600E-03,+404.59E-06
-34.90000E-03,+310E-09
-34.86400E-03,+124.43E-06
-34.82800E-03,+970E-09
-34.79200E-03,+50.35E-06
-34.75600E-03,-49.74E-06
-34.72000E-03,-126.49E-06
-34.68400E-03,+131.77E-06
-34.64800E-03,-89.12E-06
-34.61200E-03,-2.36E-06
-34.57600E-03,-89.12E-06
-34.54000E-03,+47.34E-06
-34.50400E-03,-99.79E-06
-34.46800E-03,-129.15E-06
-34.43200E-03,-37.06E-06
-34.39600E-03,+50.35E-06
-34.36000E-03,-49.74E-06
-34.32400E-03,-61.09E-06
-34.28800E-03,-49.74E-06
-34.25200E-03,-127.15E-06
-34.21600E-03,-64.42E-06
-34.18000E-03,-56.42E-06
-34.14400E-03,-99.79E-06
-34.10800E-03,-140.50E-06
-34.07200E-03,-132.49E-06
-34.03600E-03,-24.39E-06
-34.00000E-03,+200.91E-06
-33.96400E-03,+310E-09
-33.92800E-03,-99.13E-06
-33.89200E-03,+310E-09
-33.85600E-03,+204.93E-06
-33.82000E-03,+391.66E-06
-33.78400E-03,+12.98E-06
-33.74800E-03,-60.42E-06
-33.71200E-03,-149.84E-06
-33.67600E-03,-110.53E-06
-33.64000E-03,-237.20E-06
-33.60400E-03,-221.85E-06
-33.56800E-03,-87.78E-06
-33.53200E-03,-124.48E-06
-33.49600E-03,-59.09E-06
-33.46000E-03,-46.41E-06
-33.42400E-03,-54.41E-06
-33.38800E-03,-69.10E-06
-33.35200E-03,-54.41E-06
-33.31600E-03,-64.42E-06
-33.28000E-03,-237.12E-06
-33.24400E-03,-2.36E-06
-33.20800E-03,-200.50E-06
-33.17200E-03,-250.55E-06
-33.13600E-03,-326.27E-06
-33.10000E-03,-233.87E-06
-33.06400E-03,-191.72E-06
-33.02800E-03,-250.55E-06
-32.99200E-03,-142.50E-06
-32.95600E-03,-184.97E-06
-32.92000E-03,-99.79E-06
-32.88400E-03,+101.45E-06
-32.84800E-03,-149.84E-06
-32.81200E-03,-250.55E-06
-32.77600E-03,-189.76E-06
-32.74000E-03,-126.65E-06
-32.70400E-03,+315.48E-06
-32.66800E-03,-221.19E-06
-32.63200E-03,-237.87E-06
-32.59600E-03,-200.50E-06
-32.56000E-03,-146.50E-06
-32.52400E-03,-239.20E-06
-32.48800E-03,-219.85E-06
-32.45200E-03,-54.41E-06
-32.41600E-03,-164.70E-06
-32.38000E-03,-300.60E-06
-32.34400E-03,-251.88E-06
-32.30800E-03,-241.21E-06
-32.27200E-03,-267.90E-06
-32.23600E-03,-300.60E-06
-32.20000E-03,-250.55E-06
-32.16400E-03,-283.25E-06
-32.12800E-03,+95.06E-06
-32.09200E-03,-250.55E-06
-32.05600E-03,-200.50E-06
-32.02000E-03,-300.60E-06
-31.98400E-03,-250.55E-06
-31.94800E-03,-207.71E-06
-31.91200E-03,-250.55E-06
-31.87600E-03,-295.26E-06
-31.84000E-03,-250.55E-06
-31.80400E-03,-128.08E-06
-31.76800E-03,+35.11E-06
-31.73200E-03,-213.18E-06
-31.69600E-03,-250.55E-06
-31.66000E-03,-200.50E-06
-31.62400E-03,-200.50E-06
-31.58800E-03,+63.51E-06
-31.55200E-03,-227.86E-06
-31.51600E-03,-185.64E-06
-31.48000E-03,-200.50E-06
-31.44400E-03,-296.58E-06
-31.40800E-03,-310.05E-06
-31.37200E-03,-333.70E-06
-31.33600E-03,-1.03E-06
-31.30000E-03,-200.50E-06
-31.26400E-03,-241.87E-06
-31.22800E-03,-144.49E-06
-31.19200E-03,-250.55E-06
-31.15600E-03,-265.90E-06
-31.12000E-03,-253.89E-06
-31.08400E-03,-263.23E-06
-31.04800E-03,-261.23E-06
-31.01200E-03,-205.84E-06
-30.97600E-03,-345.85E-06
-30.94000E-03,-287.25E-06
-30.90400E-03,-300.60E-06
-30.86800E-03,-250.55E-06
-30.83200E-03,-113.29E-06
-30.79600E-03,-346.53E-06
-30.76000E-03,-391.26E-06
-30.72400E-03,-351.26E-06
-30.68800E-03,-219.85E-06
-30.65200E-03,-17.71E-06
-30.61600E-03,-271.24E-06
-30.58000E-03,-250.55E-06
-30.54400E-03,-297.93E-06
-30.50800E-03,-259.89E-06
-30.47200E-03,-180.94E-06
-30.43600E-03,-326.27E-06
-30.40000E-03,-317.69E-06
-30.36400E-03,-318.05E-06
-30.32800E-03,-450.02E-06
-30.29200E-03,-351.26E-06
-30.25600E-03,-176.91E-06
-30.22000E-03,-83.44E-06
-30.18400E-03,-332.34E-06
-30.14800E-03,-369.14E-06
-30.11200E-03,-47.07E-06
-30.07600E-03,-311.34E-06
-30.04000E-03,-364.60E-06
-30.00400E-03,-451.35E-06
-29.96800E-03,-330.32E-06
-29.93200E-03,-300.60E-06
-29.89600E-03,-396.63E-06
-29.86000E-03,-300.60E-06
-29.82400E-03,-300.60E-06
-29.78800E-03,-219.85E-06
-29.75200E-03,-59.09E-06
-29.71600E-03,-351.26E-06
-29.68000E-03,-230.45E-06
-29.64400E-03,-250.55E-06
-29.60800E-03,-269.35E-06
-29.57200E-03,+160.38E-06
-29.53600E-03,-325.59E-06
-29.50000E-03,-401.31E-06
-29.46400E-03,-309.38E-06
-29.42800E-03,-301.27E-06
-29.39200E-03,-436.67E-06
-29.35600E-03,-401.31E-06
-29.32000E-03,-170.15E-06
-29.28400E-03,-332.34E-06
-29.24800E-03,-322.08E-06
-29.21200E-03,-351.26E-06
-29.17600E-03,-268.50E-06
-29.14000E-03,-314.11E-06
-29.10400E-03,-300.60E-06
-29.06800E-03,-330.32E-06
-29.03200E-03,-300.60E-06
-28.99600E-03,-59.09E-06
-28.96000E-03,-303.98E-06
-28.92400E-03,-351.26E-06
-28.88800E-03,-250.55E-06
-28.85200E-03,-227.86E-06
-28.81600E-03,-156.28E-06
-28.78000E-03,-163.27E-06
-28.74400E-03,-297.93E-06
-28.70800E-03,-241.21E-06
-28.67200E-03,-149.84E-06
-28.63600E-03,+147.72E-06
-28.60000E-03,-183.41E-06
-28.56400E-03,-200.50E-06
-28.52800E-03,-199.16E-06
-28.49200E-03,-164.61E-06
-28.45600E-03,+177.52E-06
-28.42000E-03,-253.89E-06
-28.38400E-03,-219.19E-06
-28.34800E-03,-189.69E-06
-28.31200E-03,-255.92E-06
-28.27600E-03,-340.52E-06
-28.24000E-03,-300.60E-06
-28.20400E-03,-71.10E-06
-28.16800E-03,-179.56E-06
-28.13200E-03,-287.92E-06
-28.09600E-03,-186.43E-06
-28.06000E-03,-250.55E-06
-28.02400E-03,-300.60E-06
-27.98800E-03,-250.55E-06
-27.95200E-03,-300.60E-06
-27.91600E-03,-235.87E-06
-27.88000E-03,+67.04E-06
-27.84400E-03,-151.19E-06
-27.80800E-03,-200.50E-06
-27.77200E-03,-132.49E-06
-27.73600E-03,-125.15E-06
-27.70000E-03,+100.40E-06
-27.66400E-03,-158.62E-06
-27.62800E-03,-249.88E-06
-27.59200E-03,-29.15E-06
-27.55600E-03,-65.09E-06
-27.52000E-03,+160.79E-06
-27.48400E-03,-49.74E-06
-27.44800E-03,-10.37E-06
-27.41200E-03,-149.84E-06
-27.37600E-03,-55.08E-06
-27.34000E-03,+34.00E-06
-27.30400E-03,-92.45E-06
-27.26800E-03,-149.84E-06
-27.23200E-03,-112.47E-06
-27.19600E-03,-200.50E-06
-27.16000E-03,-203.84E-06
-27.12400E-03,-149.84E-06
-27.08800E-03,+111.75E-06
-27.05200E-03,-145.45E-06
-27.01600E-03,-185.64E-06
-26.98000E-03,+47.18E-06
-26.94400E-03,-149.84E-06
-26.90800E-03,-250.55E-06
-26.87200E-03,-215.64E-06
-26.83600E-03,-149.84E-06
-26.80000E-03,-49.74E-06
-26.76400E-03,-108.47E-06
-26.72800E-03,-150.52E-06
-26.69200E-03,-107.13E-06
-26.65600E-03,-115.14E-06
-26.62000E-03,-176.86E-06
-26.58400E-03,-81.11E-06
-26.54800E-03,-121.28E-06
-26.51200E-03,-250.55E-06
-26.47600E-03,-195.10E-06
-26.44000E-03,-86.45E-06
-26.40400E-03,+78.64E-06
-26.36800E-03,-200.50E-06
-26.33200E-03,-99.79E-06
-26.29600E-03,-95.12E-06
-26.26000E-03,-99.79E-06
-26.22400E-03,-138.50E-06
-26.18800E-03,-119.14E-06
-26.15200E-03,-122.48E-06
-26.11600E-03,-149.84E-06
-26.08000E-03,-193.75E-06
-26.04400E-03,-152.53E-06
-26.00800E-03,+44.23E-06
-25.97200E-03,-28.18E-06
-25.93600E-03,-149.84E-06
-25.90000E-03,-166.93E-06
-25.86400E-03,+290.93E-06
-25.82800E-03,-149.17E-06
-25.79200E-03,-243.21E-06
-25.75600E-03,-115.14E-06
-25.72000E-03,-99.79E-06
-25.68400E-03,-81.11E-06
-25.64800E-03,+97.07E-06
-25.61200E-03,-99.79E-06
-25.57600E-03,-99.79E-06
-25.54000E-03,-99.79E-06
-25.50400E-03,+71.71E-06
-25.46800E-03,+20.99E-06
-25.43200E-03,-137.16E-06
-25.39600E-03,-49.74E-06
-25.36000E-03,-53.08E-06
-25.32400E-03,-49.74E-06
-25.28800E-03,-30.39E-06
-25.25200E-03,+73.04E-06
-25.21600E-03,+85.72E-06
-25.18000E-03,-49.74E-06
-25.14400E-03,-2.36E-06
-25.10800E-03,-9.04E-06
-25.07200E-03,-115.14E-06
-25.03600E-03,-125.15E-06
-25.00000E-03,-83.11E-06
-24.96400E-03,-17.05E-06
-24.92800E-03,-99.13E-06
-24.89200E-03,+14.99E-06
-24.85600E-03,+310E-09
-24.82000E-03,-49.74E-06
-24.78400E-03,-49.74E-06
-24.74800E-03,+247.69E-06
-24.71200E-03,-47.07E-06
-24.67600E-03,+310E-09
-24.64000E-03,-23.05E-06
-24.60400E-03,+79.05E-06
-24.56800E-03,+20.99E-06
-24.53200E-03,-37.06E-06
-24.49600E-03,-95.12E-06
-24.46000E-03,+50.35E-06
-24.42400E-03,+310E-09
-24.38800E-03,-19.05E-06
-24.35200E-03,+64.70E-06
-24.31600E-03,-20.38E-06
-24.28000E-03,-43.07E-06
-24.24400E-03,+1.64E-06
-24.20800E-03,+41.01E-06
-24.17200E-03,+83.05E-06
-24.13600E-03,-49.74E-06
-24.10000E-03,+310E-09
-24.06400E-03,+83.05E-06
-24.02800E-03,+597.37E-06
-23.99200E-03,+7.65E-06
-23.95600E-03,-15.04E-06
-23.92000E-03,+310E-09
-23.88400E-03,+31.67E-06
-23.84800E-03,+310E-09
-23.81200E-03,+97.73E-06
-23.77600E-03,+240.42E-06
-23.74000E-03,+150.45E-06
-23.70400E-03,+93.06E-06
-23.66800E-03,+112.67E-06
-23.63200E-03,+150.45E-06
-23.59600E-03,+45.68E-06
-23.56000E-03,+93.73E-06
-23.52400E-03,+77.71E-06
-23.48800E-03,+50.35E-06
-23.45200E-03,+287.14E-06
-23.41600E-03,+171.57E-06
-23.38000E-03,+100.40E-06
-23.34400E-03,+99.07E-06
-23.30800E-03,+100.40E-06
-23.27200E-03,+166.20E-06
-23.23600E-03,+100.40E-06
-23.20000E-03,+100.40E-06
-23.16400E-03,+59.03E-06
-23.12800E-03,+101.07E-06
-23.09200E-03,+271.76E-06
-23.05600E-03,+251.16E-06
-23.02000E-03,+251.16E-06
-22.98400E-03,+251.16E-06
-22.94800E-03,+251.16E-06
-22.91200E-03,+435.88E-06
-22.87600E-03,+206.45E-06
-22.84000E-03,+150.45E-06
-22.80400E-03,+150.45E-06
-22.76800E-03,+109.08E-06
-22.73200E-03,+63.03E-06
-22.69600E-03,+173.92E-06
-22.66000E-03,+395.20E-06
-22.62400E-03,+239.82E-06
-22.58800E-03,+293.58E-06
-22.55200E-03,+201.11E-06
-22.51600E-03,+201.11E-06
-22.48000E-03,+93.73E-06
-22.44400E-03,+100.40E-06
-22.40800E-03,+150.45E-06
-22.37200E-03,+201.11E-06
-22.33600E-03,+276.52E-06
-22.30000E-03,+117.09E-06
-22.26400E-03,+209.79E-06
-22.22800E-03,+199.77E-06
-22.19200E-03,+193.68E-06
-22.15600E-03,+165.99E-06
-22.12000E-03,+301.21E-06
-22.08400E-03,+269.84E-06
-22.04800E-03,+222.47E-06
-22.01200E-03,+375.99E-06
-21.97600E-03,+245.82E-06
-21.94000E-03,+153.95E-06
-21.90400E-03,+179.50E-06
-21.86800E-03,+271.85E-06
-21.83200E-03,+188.28E-06
-21.79600E-03,+201.11E-06
-21.76000E-03,+267.92E-06
-21.72400E-03,+239.82E-06
-21.68800E-03,+301.21E-06
-21.65200E-03,+255.83E-06
-21.61600E-03,+292.79E-06
-21.58000E-03,+194.36E-06
-21.54400E-03,+159.84E-06
-21.50800E-03,+210.45E-06
-21.47200E-03,+233.81E-06
-21.43600E-03,+399.91E-06
-21.40000E-03,+150.45E-06
-21.36400E-03,+201.11E-06
-21.32800E-03,+201.78E-06
-21.29200E-03,+243.82E-06
-21.25600E-03,+251.16E-06
-21.22000E-03,+301.21E-06
-21.18400E-03,+383.23E-06
-21.14800E-03,+301.21E-06
-21.11200E-03,+251.16E-06
-21.07600E-03,+301.21E-06
-21.04000E-03,+264.51E-06
-21.00400E-03,+251.16E-06
-20.96800E-03,+351.87E-06
-20.93200E-03,+376.40E-06
-20.89600E-03,+251.16E-06
-20.86000E-03,+301.21E-06
-20.82400E-03,+390.57E-06
-20.78800E-03,+281.86E-06
-20.75200E-03,+301.21E-06
-20.71600E-03,+301.21E-06
-20.68000E-03,+388.49E-06
-20.64400E-03,+301.21E-06
-20.60800E-03,+301.21E-06
-20.57200E-03,+251.16E-06
-20.53600E-03,+425.26E-06
-20.50000E-03,+368.35E-06
-20.46400E-03,+378.00E-06
-20.42800E-03,+400.57E-06
-20.39200E-03,+273.27E-06
-20.35600E-03,+285.86E-06
-20.32000E-03,+328.23E-06
-20.28400E-03,+620.81E-06
-20.24800E-03,+351.87E-06
-20.21200E-03,+349.17E-06
-20.17600E-03,+256.50E-06
-20.14000E-03,+325.01E-06
-20.10400E-03,+294.13E-06
-20.06800E-03,+230.47E-06
-20.03200E-03,+326.72E-06
-19.99600E-03,+305.94E-06
-19.96000E-03,+351.87E-06
-19.92400E-03,+273.99E-06
-19.88800E-03,+437.38E-06
-19.85200E-03,+223.80E-06
-19.81600E-03,+387.24E-06
-19.78000E-03,+358.54E-06
-19.74400E-03,+302.56E-06
-19.70800E-03,+625.24E-06
-19.67200E-03,+318.77E-06
-19.63600E-03,+275.85E-06
-19.60000E-03,+318.09E-06
-19.56400E-03,+301.21E-06
-19.52800E-03,+250.49E-06
-19.49200E-03,+301.21E-06
-19.45600E-03,+401.92E-06
-19.42000E-03,+375.22E-06
-19.38400E-03,+357.49E-06
-19.34800E-03,+362.54E-06
-19.31200E-03,+399.25E-06
-19.27600E-03,+301.21E-06
-19.24000E-03,+351.87E-06
-19.20400E-03,+258.50E-06
-19.16800E-03,+251.16E-06
-19.13200E-03,+340.22E-06
-19.09600E-03,+625.24E-06
-19.06000E-03,+355.20E-06
-19.02400E-03,+278.52E-06
-18.98800E-03,+517.21E-06
-18.95200E-03,+301.21E-06
-18.91600E-03,+337.01E-06
-18.88000E-03,+321.31E-06
-18.84400E-03,+401.92E-06
-18.80800E-03,+442.62E-06
-18.77200E-03,+318.77E-06
-18.73600E-03,+351.87E-06
-18.70000E-03,+284.53E-06
-18.66400E-03,+309.99E-06
-18.62800E-03,+401.25E-06
-18.59200E-03,+366.55E-06
-18.55600E-03,+301.21E-06
-18.52000E-03,+328.23E-06
-18.48400E-03,+320.12E-06
-18.44800E-03,+272.64E-06
-18.41200E-03,+303.91E-06
-18.37600E-03,+385.84E-06
-18.34000E-03,+351.87E-06
-18.30400E-03,+358.95E-06
-18.26800E-03,+529.77E-06
-18.23200E-03,+339.40E-06
-18.19600E-03,+397.25E-06
-18.16000E-03,+254.50E-06
-18.12400E-03,+251.16E-06
-18.08800E-03,+100.40E-06
-18.05200E-03,+150.45E-06
-18.01600E-03,+458.40E-06
-17.98000E-03,+294.54E-06
-17.94400E-03,+349.18E-06
-17.90800E-03,+282.52E-06
-17.87200E-03,+554.89E-06
-17.83600E-03,+226.84E-06
-17.80000E-03,+267.84E-06
-17.76400E-03,+292.53E-06
-17.72800E-03,+151.13E-06
-17.69200E-03,+286.53E-06
-17.65600E-03,+185.58E-06
-17.62000E-03,+201.11E-06
-17.58400E-03,+182.20E-06
-17.54800E-03,+279.85E-06
-17.51200E-03,+251.16E-06
-17.47600E-03,+161.19E-06
-17.44000E-03,+150.45E-06
-17.40400E-03,+100.40E-06
-17.36800E-03,+201.11E-06
-17.33200E-03,+226.47E-06
-17.29600E-03,+246.49E-06
-17.26000E-03,+254.50E-06
-17.22400E-03,+251.16E-06
-17.18800E-03,+386.04E-06
-17.15200E-03,+474.48E-06
-17.11600E-03,+251.16E-06
-17.08000E-03,+201.11E-06
-17.04400E-03,+150.45E-06
-17.00800E-03,+241.82E-06
-16.97200E-03,+117.75E-06
-16.93600E-03,+126.74E-06
-16.90000E-03,+167.34E-06
-16.86400E-03,+159.23E-06
-16.82800E-03,+249.82E-06
-16.79200E-03,+122.51E-06
-16.75600E-03,+239.10E-06
-16.72000E-03,+127.10E-06
-16.68400E-03,+282.52E-06
-16.64800E-03,+150.45E-06
-16.61200E-03,+158.49E-06
-16.57600E-03,+330.38E-06
-16.54000E-03,+100.40E-06
-16.50400E-03,+121.76E-06
-16.46800E-03,+121.09E-06
-16.43200E-03,+351.05E-06
-16.39600E-03,+55.03E-06
-16.36000E-03,+6.98E-06
-16.32400E-03,+189.63E-06
-16.28800E-03,+58.36E-06
-16.25200E-03,+146.06E-06
-16.21600E-03,+289.55E-06
-16.18000E-03,+107.08E-06
-16.14400E-03,+297.19E-06
-16.10800E-03,+141.11E-06
-16.07200E-03,+233.81E-06
-16.03600E-03,+552.67E-06
-16.00000E-03,+134.18E-06
-15.96400E-03,+59.03E-06
-15.92800E-03,+101.07E-06
-15.89200E-03,+57.69E-06
-15.85600E-03,-34.40E-06
-15.82000E-03,+27.00E-06
-15.78400E-03,+188.05E-06
-15.74800E-03,+61.03E-06
-15.71200E-03,+47.68E-06
-15.67600E-03,+95.06E-06
-15.64000E-03,+27.00E-06
-15.60400E-03,+107.74E-06
-15.56800E-03,+79.72E-06
-15.53200E-03,+63.03E-06
-15.49600E-03,+141.11E-06
-15.46000E-03,+294.54E-06
-15.42400E-03,+61.70E-06
-15.38800E-03,+69.71E-06
-15.35200E-03,+73.04E-06
-15.31600E-03,+115.08E-06
-15.28000E-03,+120.50E-06
-15.24400E-03,+147.78E-06
-15.20800E-03,+18.99E-06
-15.17200E-03,-32.39E-06
-15.13600E-03,+50.35E-06
-15.10000E-03,+351.66E-06
-15.06400E-03,+41.68E-06
-15.02800E-03,+50.35E-06
-14.99200E-03,+107.74E-06
-14.95600E-03,+65.70E-06
-14.92000E-03,+284.77E-06
-14.88400E-03,-12.37E-06
-14.84800E-03,+61.03E-06
-14.81200E-03,+2.97E-06
-14.77600E-03,-128.49E-06
-14.74000E-03,-63.09E-06
-14.70400E-03,-21.05E-06
-14.66800E-03,+112.67E-06
-14.63200E-03,-12.37E-06
-14.59600E-03,-49.74E-06
-14.56000E-03,+87.06E-06
-14.52400E-03,-49.74E-06
-14.48800E-03,+19.66E-06
-14.45200E-03,+310E-09
-14.41600E-03,-35.06E-06
-14.38000E-03,+187.68E-06
-14.34400E-03,+248.47E-06
-14.30800E-03,-40.40E-06
-14.27200E-03,-17.05E-06
-14.23600E-03,+970E-09
-14.20000E-03,+83.72E-06
-14.16400E-03,+67.70E-06
-14.12800E-03,-149.84E-06
-14.09200E-03,-114.56E-06
-14.05600E-03,+100.40E-06
-14.02000E-03,+27.00E-06
-13.98400E-03,+270.67E-06
-13.94800E-03,-28.39E-06
-13.91200E-03,-97.12E-06
-13.87600E-03,+55.69E-06
-13.84000E-03,-23.05E-06
-13.80400E-03,+14.32E-06
-13.76800E-03,-79.11E-06
-13.73200E-03,-149.84E-06
-13.69600E-03,-140.50E-06
-13.66000E-03,-203.84E-06
-13.62400E-03,-122.62E-06
-13.58800E-03,+3.64E-06
-13.55200E-03,+14.32E-06
-13.51600E-03,-85.11E-06
-13.48000E-03,-136.49E-06
-13.44400E-03,+193.09E-06
-13.40800E-03,-118.59E-06
-13.37200E-03,-149.84E-06
-13.33600E-03,+310E-09
-13.30000E-03,-33.06E-06
-13.26400E-03,-58.42E-06
-13.22800E-03,-100.46E-06
-13.19200E-03,-142.50E-06
-13.15600E-03,-80.44E-06
-13.12000E-03,-149.84E-06
-13.08400E-03,-131.16E-06
-13.04800E-03,+47.02E-06
-13.01200E-03,-149.84E-06
-12.97600E-03,-149.84E-06
-12.94000E-03,-63.09E-06
-12.90400E-03,-92.45E-06
-12.86800E-03,-70.43E-06
-12.83200E-03,-99.79E-06
-12.79600E-03,-145.17E-06
-12.76000E-03,-200.50E-06
-12.72400E-03,+148.78E-06
-12.68800E-03,-180.91E-06
-12.65200E-03,-172.81E-06
-12.61600E-03,-185.64E-06
-12.58000E-03,-207.17E-06
-12.54400E-03,-251.88E-06
-12.50800E-03,-209.84E-06
-12.47200E-03,-15.04E-06
-12.43600E-03,-175.51E-06
-12.40000E-03,-100.00E-06
-12.36400E-03,-149.84E-06
-12.32800E-03,+47.01E-06
-12.29200E-03,-142.50E-06
-12.25600E-03,-149.84E-06
-12.22000E-03,-149.84E-06
-12.18400E-03,-181.59E-06
-12.14800E-03,-117.81E-06
-12.11200E-03,-149.84E-06
-12.07600E-03,-239.81E-06
-12.04000E-03,-213.85E-06
-12.00400E-03,-200.50E-06
-11.96800E-03,-3.03E-06
-11.93200E-03,-237.87E-06
-11.89600E-03,-200.50E-06
-11.86000E-03,-243.84E-06
-11.82400E-03,-250.55E-06
-11.78800E-03,-188.78E-06
-11.75200E-03,-250.55E-06
-11.71600E-03,-250.55E-06
-11.68000E-03,-293.92E-06
-11.64400E-03,-201.84E-06
-11.60800E-03,-250.55E-06
-11.57200E-03,-51.75E-06
-11.53600E-03,-98.76E-06
-11.50000E-03,-267.23E-06
-11.46400E-03,-158.62E-06
-11.42800E-03,+95.72E-06
-11.39200E-03,-250.55E-06
-11.35600E-03,-265.90E-06
-11.32000E-03,-247.21E-06
-11.28400E-03,-206.12E-06
-11.24800E-03,-160.65E-06
-11.21200E-03,-247.88E-06
-11.17600E-03,-300.60E-06
-11.14000E-03,-237.20E-06
-11.10400E-03,-243.21E-06
-11.06800E-03,-259.22E-06
-11.03200E-03,-163.50E-06
-10.99600E-03,-346.53E-06
-10.96000E-03,-210.55E-06
-10.92400E-03,-239.20E-06
-10.88800E-03,-300.60E-06
-10.85200E-03,-300.60E-06
-10.81600E-03,-265.23E-06
-10.78000E-03,-207.17E-06
-10.74400E-03,-152.53E-06
-10.70800E-03,+207.56E-06
-10.67200E-03,-233.20E-06
-10.63600E-03,-275.91E-06
-10.60000E-03,-317.48E-06
-10.56400E-03,-217.85E-06
-10.52800E-03,-352.59E-06
-10.49200E-03,-401.31E-06
-10.45600E-03,-231.20E-06
-10.42000E-03,-277.24E-06
-10.38400E-03,-306.83E-06
-10.34800E-03,-329.77E-06
-10.31200E-03,-255.92E-06
-10.27600E-03,-324.43E-06
-10.24000E-03,-300.60E-06
-10.20400E-03,-250.55E-06
-10.16800E-03,-330.32E-06
-10.13200E-03,-212.36E-06
-10.09600E-03,-305.33E-06
-10.06000E-03,-253.89E-06
-10.02400E-03,-289.25E-06
-9.98800E-03,-242.31E-06
-9.95200E-03,-323.56E-06
-9.91600E-03,-371.77E-06
-9.88000E-03,-314.03E-06
-9.84400E-03,-398.62E-06
-9.80800E-03,-310.05E-06
-9.77200E-03,-3.91E-06
-9.73600E-03,-350.28E-06
-9.70000E-03,-334.37E-06
-9.66400E-03,-259.22E-06
-9.62800E-03,-250.55E-06
-9.59200E-03,-184.31E-06
-9.55600E-03,-401.31E-06
-9.52000E-03,-273.91E-06
-9.48400E-03,-369.94E-06
-9.44800E-03,-430.00E-06
-9.41200E-03,-300.60E-06
-9.37600E-03,-446.02E-06
-9.34000E-03,-3.03E-06
-9.30400E-03,-329.64E-06
-9.26800E-03,-146.86E-06
-9.23200E-03,-249.73E-06
-9.19600E-03,-295.93E-06
-9.16000E-03,-257.26E-06
-9.12400E-03,-300.60E-06
-9.08800E-03,-200.50E-06
-9.05200E-03,-273.24E-06
-9.01600E-03,-138.19E-06
-8.98000E-03,-307.35E-06
-8.94400E-03,-300.60E-06
-8.90800E-03,-241.21E-06
-8.87200E-03,-300.60E-06
-8.83600E-03,-176.18E-06
-8.80000E-03,-267.23E-06
-8.76400E-03,-342.48E-06
-8.72800E-03,-300.60E-06
-8.69200E-03,-293.26E-06
-8.65600E-03,-188.97E-06
-8.62000E-03,-220.19E-06
-8.58400E-03,-219.19E-06
-8.54800E-03,-200.50E-06
-8.51200E-03,-226.46E-06
-8.47600E-03,-160.58E-06
-8.44000E-03,-250.55E-06
-8.40400E-03,-271.90E-06
-8.36800E-03,-259.22E-06
-8.33200E-03,-338.42E-06
-8.29600E-03,-305.33E-06
-8.26000E-03,-153.22E-06
-8.22400E-03,-70.29E-06
-8.18800E-03,-188.78E-06
-8.15200E-03,-227.86E-06
-8.11600E-03,+35.67E-06
-8.08000E-03,-169.94E-06
-8.04400E-03,-297.93E-06
-8.00800E-03,-209.84E-06
-7.97200E-03,-182.94E-06
-7.93600E-03,-275.91E-06
-7.90000E-03,-250.55E-06
-7.86400E-03,-291.92E-06
-7.82800E-03,-201.17E-06
-7.79200E-03,-207.84E-06
-7.75600E-03,-235.20E-06
-7.72000E-03,-180.20E-06
-7.68400E-03,-231.86E-06
-7.64800E-03,-160.65E-06
-7.61200E-03,-250.55E-06
-7.57600E-03,-205.84E-06
-7.54000E-03,-250.55E-06
-7.50400E-03,-200.50E-06
-7.46800E-03,-170.78E-06
-7.43200E-03,-112.47E-06
-7.39600E-03,+359.76E-06
-7.36000E-03,-197.12E-06
-7.32400E-03,-223.19E-06
-7.28800E-03,-261.89E-06
-7.25200E-03,-223.19E-06
-7.21600E-03,-191.65E-06
-7.18000E-03,-337.83E-06
-7.14400E-03,-242.53E-06
-7.10800E-03,-269.35E-06
-7.07200E-03,-300.60E-06
-7.03600E-03,-275.24E-06
-7.00000E-03,-66.63E-06
-6.96400E-03,-291.92E-06
-6.92800E-03,-201.17E-06
-6.89200E-03,-228.44E-06
-6.85600E-03,-165.38E-06
-6.82000E-03,+3.64E-06
-6.78400E-03,-231.86E-06
-6.74800E-03,-289.92E-06
-6.71200E-03,-149.84E-06
-6.67600E-03,-189.76E-06
-6.64000E-03,-200.50E-06
-6.60400E-03,-142.76E-06
-6.56800E-03,-212.15E-06
-6.53200E-03,-225.86E-06
-6.49600E-03,-154.57E-06
-6.46000E-03,+177.71E-06
-6.42400E-03,-127.15E-06
-6.38800E-03,-99.79E-06
-6.35200E-03,-72.43E-06
-6.31600E-03,-235.87E-06
-6.28000E-03,-143.17E-06
-6.24400E-03,-251.88E-06
-6.20800E-03,-149.84E-06
-6.17200E-03,-117.14E-06
-6.13600E-03,-224.21E-06
-6.10000E-03,-233.87E-06
-6.06400E-03,-224.42E-06
-6.02800E-03,+970E-09
-5.99200E-03,-157.27E-06
-5.95600E-03,-200.50E-06
-5.92000E-03,-90.07E-06
-5.88400E-03,-131.16E-06
-5.84800E-03,-149.84E-06
-5.81200E-03,-47.07E-06
-5.77600E-03,-105.13E-06
-5.74000E-03,-99.79E-06
-5.70400E-03,+28.59E-06
-5.66800E-03,-200.50E-06
-5.63200E-03,-124.48E-06
-5.59600E-03,-99.79E-06
-5.56000E-03,-146.50E-06
-5.52400E-03,+82.39E-06
-5.48800E-03,-130.49E-06
-5.45200E-03,-154.85E-06
-5.41600E-03,-49.74E-06
-5.38000E-03,-99.79E-06
-5.34400E-03,-41.72E-06
-5.30800E-03,-68.43E-06
-5.27200E-03,-65.09E-06
-5.23600E-03,-99.79E-06
-5.20000E-03,+100.81E-06
-5.16400E-03,+166.30E-06
-5.12800E-03,-50.41E-06
-5.09200E-03,+28.33E-06
-5.05600E-03,-99.79E-06
-5.02000E-03,-123.15E-06
-4.98400E-03,-149.84E-06
-4.94800E-03,+208.32E-06
-4.91200E-03,+92.40E-06
-4.87600E-03,-49.74E-06
-4.84000E-03,+73.71E-06
-4.80400E-03,+301.21E-06
-4.76800E-03,+59.03E-06
-4.73200E-03,+37.67E-06
-4.69600E-03,-4.37E-06
-4.66000E-03,-43.07E-06
-4.62400E-03,+39.01E-06
-4.58800E-03,-7.70E-06
-4.55200E-03,+55.03E-06
-4.51600E-03,+310E-09
-4.48000E-03,+50.35E-06
-4.44400E-03,+391.21E-06
-4.40800E-03,+9.65E-06
-4.37200E-03,+50.35E-06
-4.33600E-03,+25.66E-06
-4.30000E-03,+83.72E-06
-4.26400E-03,+91.73E-06
-4.22800E-03,+310E-09
-4.19200E-03,+43.01E-06
-4.15600E-03,+310E-09
-4.12000E-03,-3.03E-06
-4.08400E-03,-81.11E-06
-4.04800E-03,-17.71E-06
-4.01200E-03,+203.78E-06
-3.97600E-03,+50.35E-06
-3.94000E-03,-73.10E-06
-3.90400E-03,+94.08E-06
-3.86800E-03,+20.99E-06
-3.83200E-03,-49.74E-06
-3.79600E-03,+41.01E-06
-3.76000E-03,+6.98E-06
-3.72400E-03,+100.40E-06
-3.68800E-03,+131.10E-06
-3.65200E-03,+698.76E-06
-3.61600E-03,+68.62E-06
-3.58000E-03,-176.70E-06
-3.54400E-03,-352.59E-06
-3.50800E-03,-369.94E-06
-3.47200E-03,-468.92E-06
-3.43600E-03,-254.87E-06
-3.40000E-03,+502.42E-06
-3.36400E-03,+703.43E-06
-3.32800E-03,+703.43E-06
-3.29200E-03,-351.26E-06
-3.25600E-03,-486.48E-06
-3.22000E-03,+422.22E-06
-3.18400E-03,-351.26E-06
-3.14800E-03,-451.35E-06
-3.11200E-03,+547.30E-06
-3.07600E-03,-220.32E-06
-3.04000E-03,-384.46E-06
-3.00400E-03,+102.18E-06
-2.96800E-03,-18.53E-06
-2.93200E-03,-351.62E-06
-2.89600E-03,-144.27E-06
-2.86000E-03,+177.27E-06
-2.82400E-03,-284.72E-06
-2.78800E-03,-224.62E-06
-2.75200E-03,+224.52E-06
-2.71600E-03,-386.63E-06
-2.68000E-03,-415.02E-06
-2.64400E-03,+403.25E-06
-2.60800E-03,-121.81E-06
-2.57200E-03,-383.96E-06
-2.53600E-03,+526.34E-06
-2.50000E-03,-417.99E-06
-2.46400E-03,-460.14E-06
-2.42800E-03,+404.59E-06
-2.39200E-03,+438.80E-06
-2.35600E-03,+521.79E-06
-2.32000E-03,+576.03E-06
-2.28400E-03,+621.63E-06
-2.24800E-03,+592.05E-06
-2.21200E-03,+605.42E-06
-2.17600E-03,+742.80E-06
-2.14000E-03,+680.07E-06
-2.10400E-03,+682.08E-06
-2.06800E-03,+632.44E-06
-2.03200E-03,+602.72E-06
-1.99600E-03,+607.45E-06
-1.96000E-03,+656.72E-06
-1.92400E-03,+614.20E-06
-1.88800E-03,+653.38E-06
-1.85200E-03,+580.03E-06
-1.81600E-03,+668.06E-06
-1.78000E-03,+696.76E-06
-1.74400E-03,+654.72E-06
-1.70800E-03,+653.38E-06
-1.67200E-03,+653.38E-06
-1.63600E-03,+678.07E-06
-1.60000E-03,+669.86E-06
-1.56400E-03,+602.72E-06
-1.52800E-03,+602.72E-06
-1.49200E-03,+645.95E-06
-1.45600E-03,+618.26E-06
-1.42000E-03,+656.43E-06
-1.38400E-03,+665.83E-06
-1.34800E-03,+703.43E-06
-1.31200E-03,+653.38E-06
-1.27600E-03,+692.69E-06
-1.24000E-03,+726.79E-06
-1.20400E-03,+674.74E-06
-1.16800E-03,+674.07E-06
-1.13200E-03,+740.80E-06
-1.09600E-03,+698.76E-06
-1.06000E-03,+844.14E-06
-1.02400E-03,+703.43E-06
-988.00E-06,+684.08E-06
-952.00E-06,+708.10E-06
-916.00E-06,+682.74E-06
-880.00E-06,+746.81E-06
-844.00E-06,+704.76E-06
-808.00E-06,+703.43E-06
-772.00E-06,+703.43E-06
-736.00E-06,+728.12E-06
-700.00E-06,+736.80E-06
-664.00E-06,+703.43E-06
-628.00E-06,+752.81E-06
-592.00E-06,+703.43E-06
-556.00E-06,+738.13E-06
-520.00E-06,+703.43E-06
-484.00E-06,+709.66E-06
-448.00E-06,+782.65E-06
-412.00E-06,+708.80E-06
-376.00E-06,+748.14E-06
-340.00E-06,+790.63E-06
-304.00E-06,+724.78E-06
-268.00E-06,+724.12E-06
-232.00E-06,+728.12E-06
-196.00E-06,+712.83E-06
-160.00E-06,+797.42E-06
-124.00E-06,+753.48E-06
-88.00E-06,+722.78E-06
-52.00E-06,+730.79E-06
-16.00E-06,+668.06E-06
+20.00E-06,+703.43E-06
+56.00E-06,+706.12E-06
+92.00E-06,+744.14E-06
+128.00E-06,+720.78E-06
+164.00E-06,+678.07E-06
+200.00E-06,+720.11E-06
+236.00E-06,+744.80E-06
+272.00E-06,+704.10E-06
+308.00E-06,+753.48E-06
+344.00E-06,+738.13E-06
+380.00E-06,+726.79E-06
+416.00E-06,+653.38E-06
+452.00E-06,+742.80E-06
+488.00E-06,+700.76E-06
+524.00E-06,+692.69E-06
+560.00E-06,+680.07E-06
+596.00E-06,+710.77E-06
+632.00E-06,+703.43E-06
+668.00E-06,+716.11E-06
+704.00E-06,+698.76E-06
+740.00E-06,+753.48E-06
+776.00E-06,+703.43E-06
+812.00E-06,+753.48E-06
+848.00E-06,+753.48E-06
+884.00E-06,+724.12E-06
+920.00E-06,+753.48E-06
+956.00E-06,+802.79E-06
+992.00E-06,+731.57E-06
+1.02800E-03,+686.08E-06
+1.06400E-03,+728.79E-06
+1.10000E-03,+670.06E-06
+1.13600E-03,+786.68E-06
+1.17200E-03,+703.43E-06
+1.20800E-03,+746.14E-06
+1.24400E-03,+734.31E-06
+1.28000E-03,+680.07E-06
+1.31600E-03,+766.54E-06
+1.35200E-03,+714.11E-06
+1.38800E-03,+703.43E-06
+1.42400E-03,+669.46E-06
+1.46000E-03,+740.13E-06
+1.49600E-03,+724.78E-06
+1.53200E-03,+703.43E-06
+1.56800E-03,+728.12E-06
+1.60400E-03,+703.43E-06
+1.64000E-03,+660.05E-06
+1.67600E-03,+692.09E-06
+1.71200E-03,+622.31E-06
+1.74800E-03,+703.43E-06
+1.78400E-03,+703.43E-06
+1.82000E-03,+660.05E-06
+1.85600E-03,+749.46E-06
+1.89200E-03,+703.43E-06
+1.92800E-03,+686.08E-06
+1.96400E-03,+678.74E-06
+2.00000E-03,+720.32E-06
+2.03600E-03,+670.73E-06
+2.07200E-03,+602.72E-06
+2.10800E-03,+610.15E-06
+2.14400E-03,+637.85E-06
+2.18000E-03,+626.36E-06
+2.21600E-03,+571.36E-06
+2.25200E-03,+631.90E-06
+2.28800E-03,+558.04E-06
+2.32400E-03,+558.01E-06
+2.36000E-03,+552.67E-06
+2.39600E-03,+602.72E-06
+2.43200E-03,+602.72E-06
+2.46800E-03,+565.35E-06
+2.50400E-03,+548.00E-06
+2.54000E-03,+556.01E-06
+2.57600E-03,+641.90E-06
+2.61200E-03,+552.67E-06
+2.64800E-03,+529.98E-06
+2.68400E-03,+517.31E-06
+2.72000E-03,+589.38E-06
+2.75600E-03,+453.32E-06
+2.79200E-03,+602.72E-06
+2.82800E-03,+519.97E-06
+2.86400E-03,+476.96E-06
+2.90000E-03,+569.36E-06
+2.93600E-03,+544.00E-06
+2.97200E-03,+502.62E-06
+3.00800E-03,+502.62E-06
+3.04400E-03,+533.32E-06
+3.08000E-03,+549.34E-06
+3.11600E-03,+502.62E-06
+3.15200E-03,+451.97E-06
+3.18800E-03,+451.97E-06
+3.22400E-03,+547.33E-06
+3.26000E-03,+465.47E-06
+3.29600E-03,+481.01E-06
+3.33200E-03,+582.04E-06
+3.36800E-03,+515.30E-06
+3.40400E-03,+497.90E-06
+3.44000E-03,+405.25E-06
+3.47600E-03,+518.50E-06
+3.51200E-03,+502.62E-06
+3.54800E-03,+451.97E-06
+3.58400E-03,+502.62E-06
+3.62000E-03,+472.07E-06
+3.65600E-03,+404.60E-06
+3.69200E-03,+401.92E-06
+3.72800E-03,+451.97E-06
+3.76400E-03,+476.96E-06
+3.80000E-03,+485.74E-06
+3.83600E-03,+451.97E-06
+3.87200E-03,+501.28E-06
+3.90800E-03,+409.26E-06
+3.94400E-03,+401.92E-06
+3.98000E-03,+448.91E-06
+4.01600E-03,+401.92E-06
+4.05200E-03,+423.40E-06
+4.08800E-03,+349.17E-06
+4.12400E-03,+362.54E-06
+4.16000E-03,+365.21E-06
+4.19600E-03,+322.82E-06
+4.23200E-03,+322.15E-06
+4.26800E-03,+389.24E-06
+4.30400E-03,+301.21E-06
+4.34000E-03,+348.49E-06
+4.37600E-03,+351.87E-06
+4.41200E-03,+413.26E-06
+4.44800E-03,+351.87E-06
+4.48400E-03,+330.75E-06
+4.52000E-03,+345.11E-06
+4.55600E-03,+302.56E-06
+4.59200E-03,+351.87E-06
+4.62800E-03,+266.51E-06
+4.66400E-03,+326.20E-06
+4.70000E-03,+267.84E-06
+4.73600E-03,+301.21E-06
+4.77200E-03,+252.50E-06
+4.80800E-03,+351.87E-06
+4.84400E-03,+251.16E-06
+4.88000E-03,+277.85E-06
+4.91600E-03,+332.95E-06
+4.95200E-03,+312.02E-06
+4.98800E-03,+298.54E-06
+5.02400E-03,+251.16E-06
+5.06000E-03,+287.86E-06
+5.09600E-03,+272.51E-06
+5.13200E-03,+221.80E-06
+5.16800E-03,+326.35E-06
+5.20400E-03,+291.87E-06
+5.24000E-03,+301.21E-06
+5.27600E-03,+212.46E-06
+5.31200E-03,+231.81E-06
+5.34800E-03,+306.21E-06
+5.38400E-03,+251.16E-06
+5.42000E-03,+338.44E-06
+5.45600E-03,+301.21E-06
+5.49200E-03,+291.87E-06
+5.52800E-03,+218.46E-06
+5.56400E-03,+251.16E-06
+5.60000E-03,+251.16E-06
+5.63600E-03,+251.16E-06
+5.67200E-03,+300.54E-06
+5.70800E-03,+301.21E-06
+5.74400E-03,+301.21E-06
+5.78000E-03,+251.16E-06
+5.81600E-03,+219.80E-06
+5.85200E-03,+211.79E-06
+5.88800E-03,+251.16E-06
+5.92400E-03,+245.82E-06
+5.96000E-03,+214.46E-06
+5.99600E-03,+201.11E-06
+6.03200E-03,+150.45E-06
+6.06800E-03,+188.28E-06
+6.10400E-03,+255.83E-06
+6.14000E-03,+3.64E-06
+6.17600E-03,+11.65E-06
+6.21200E-03,+69.71E-06
+6.24800E-03,+73.04E-06
+6.28400E-03,+135.77E-06
+6.32000E-03,+50.35E-06
+6.35600E-03,+99.07E-06
+6.39200E-03,+18.99E-06
+6.42800E-03,+33.00E-06
+6.46400E-03,+75.04E-06
+6.50000E-03,+310E-09
+6.53600E-03,+8.98E-06
+6.57200E-03,+310E-09
+6.60800E-03,+50.35E-06
+6.64400E-03,+310E-09
+6.68000E-03,-49.74E-06
+6.71600E-03,-31.06E-06
+6.75200E-03,+68.37E-06
+6.78800E-03,+2.97E-06
+6.82400E-03,-55.08E-06
+6.86000E-03,+310E-09
+6.89600E-03,+7.65E-06
+6.93200E-03,+8.98E-06
+6.96800E-03,-37.06E-06
+7.00400E-03,-49.74E-06
+7.04000E-03,-93.12E-06
+7.07600E-03,-49.74E-06
+7.11200E-03,-80.44E-06
+7.14800E-03,-122.48E-06
+7.18400E-03,-120.48E-06
+7.22000E-03,-106.47E-06
+7.25600E-03,-99.79E-06
+7.29200E-03,-90.45E-06
+7.32800E-03,-65.09E-06
+7.36400E-03,-75.10E-06
