x-axis,1,2
second,Volt,Volt
-36.0000E-06,,
-35.4800E-06,+46.4991193E-03,-112.1230368E-03
-34.9600E-06,+44.5619333E-03,-11.6205234E-03
-34.4400E-06,+42.9187173E-03,+38.6307333E-03
-33.9200E-06,+44.1021344E-03,-61.8717801E-03
-33.4000E-06,+44.0267575E-03,+63.7563616E-03
-32.8800E-06,+43.3257525E-03,-61.8717801E-03
-32.3600E-06,+45.6624358E-03,+239.6357600E-03
-31.8400E-06,+46.9136921E-03,+63.7563616E-03
-31.3200E-06,+47.0493705E-03,-137.2486651E-03
-30.8000E-06,+45.3458529E-03,-11.6205234E-03
-30.2800E-06,+46.6724861E-03,+63.7563616E-03
-29.7600E-06,+45.1724861E-03,+63.7563616E-03
-29.2400E-06,+43.5820339E-03,-137.2486651E-03
-28.7200E-06,+45.3609283E-03,+63.7563616E-03
-28.2000E-06,+45.6775112E-03,+63.7563616E-03
-27.6800E-06,+45.5945967E-03,-11.6205234E-03
-27.1600E-06,+46.5368077E-03,+38.6307333E-03
-26.6400E-06,+45.7227374E-03,-262.8768068E-03
-26.1200E-06,+44.9463555E-03,-112.1230368E-03
-25.6000E-06,+46.3332901E-03,+63.7563616E-03
-25.0800E-06,+45.7453504E-03,+63.7563616E-03
-24.5600E-06,+45.2704761E-03,-61.8717801E-03
-24.0400E-06,+45.5644459E-03,-137.2486651E-03
-23.5200E-06,+45.2026369E-03,-86.9974084E-03
-23.0000E-06,+44.6599233E-03,-112.1230368E-03
-22.4800E-06,+45.4513806E-03,-11.6205234E-03
-21.9600E-06,+45.8056519E-03,+239.6357600E-03
-21.4400E-06,+44.9765062E-03,-137.2486651E-03
-20.9200E-06,+44.4865565E-03,-137.2486651E-03
-20.4000E-06,+44.5619333E-03,-11.6205234E-03
-19.8800E-06,+46.2805263E-03,-137.2486651E-03
-19.3600E-06,+44.3433404E-03,-11.6205234E-03
-18.8400E-06,+45.3081645E-03,+63.7563616E-03
-18.3200E-06,+45.2478630E-03,-11.6205234E-03
-17.8000E-06,+46.6197223E-03,+63.7563616E-03
-17.2800E-06,+45.4212298E-03,-61.8717801E-03
-16.7600E-06,+44.7805263E-03,-137.2486651E-03
-16.2400E-06,+44.8106771E-03,-137.2486651E-03
-15.7200E-06,+44.1096720E-03,+38.6307333E-03
-15.2000E-06,+44.2302751E-03,+63.7563616E-03
-14.6800E-06,+43.9061545E-03,+38.6307333E-03
-14.1600E-06,+45.4287675E-03,-61.8717801E-03
-13.6400E-06,+45.3307776E-03,+38.6307333E-03
-13.1200E-06,+45.3684660E-03,+63.7563616E-03
-12.6000E-06,+47.3885665E-03,+63.7563616E-03
-12.0800E-06,+45.4589183E-03,+63.7563616E-03
-11.5600E-06,+43.8910791E-03,+38.6307333E-03
-11.0400E-06,+46.7026368E-03,+114.0076183E-03
-10.5200E-06,+47.4790187E-03,-137.2486651E-03
-10.0000E-06,+44.6523856E-03,-11.6205234E-03
-9.4800E-06,+45.5192198E-03,-137.2486651E-03
-8.9600E-06,+44.8860539E-03,-137.2486651E-03
-8.4400E-06,+44.9463555E-03,+63.7563616E-03
-7.9200E-06,+45.4815313E-03,+63.7563616E-03
-7.4000E-06,+45.7755012E-03,+38.6307333E-03
-6.8800E-06,+45.6398228E-03,-137.2486651E-03
-6.3600E-06,+45.2252499E-03,+88.8819899E-03
-5.8400E-06,+46.2956017E-03,+63.7563616E-03
-5.3200E-06,+46.3106770E-03,+239.6357600E-03
-4.8000E-06,+45.2629384E-03,-137.2486651E-03
-4.2800E-06,+45.3760037E-03,-112.1230368E-03
-3.7600E-06,+45.1875615E-03,-11.6205234E-03
-3.2400E-06,+45.3458529E-03,+63.7563616E-03
-2.7200E-06,+45.9413303E-03,-61.8717801E-03
-2.2000E-06,+45.7981142E-03,-137.2486651E-03
-1.6800E-06,+45.5192198E-03,-61.8717801E-03
-1.1600E-06,+44.6297725E-03,-86.9974084E-03
-640.0E-09,+45.4513806E-03,-11.6205234E-03
-120.0E-09,+44.9991193E-03,-137.2486651E-03
+400.0E-09,+45.4966067E-03,+4.9632538874E+00
+920.0E-09,+44.2227374E-03,+4.9130026307E+00
+1.4400E-06,+46.7327876E-03,+4.9632538874E+00
+1.9600E-06,+45.4664560E-03,+5.0888820291E+00
+2.4800E-06,+47.1775112E-03,+5.0888820291E+00
+3.0000E-06,+43.8533906E-03,+5.0637564007E+00
+3.5200E-06,+47.1699735E-03,+5.0888820291E+00
+4.0400E-06,+44.5317826E-03,+5.0888820291E+00
+4.5600E-06,+46.7327876E-03,+4.9632538874E+00
+5.0800E-06,+45.0669585E-03,+5.0888820291E+00
+5.6000E-06,+47.6222348E-03,+5.2145101707E+00
+6.1200E-06,+47.7277625E-03,+4.8878770024E+00
+6.6400E-06,+45.5267575E-03,+5.0888820291E+00
+7.1600E-06,+44.9840439E-03,+5.0637564007E+00
+7.6800E-06,+46.6498730E-03,+4.8878770024E+00
+8.2000E-06,+45.4061544E-03,+5.0888820291E+00
+8.7200E-06,+45.8961042E-03,+5.1642589141E+00
+9.2400E-06,+46.8006268E-03,+4.9130026307E+00
+9.7600E-06,+47.0342951E-03,+5.1642589141E+00
+10.2800E-06,+46.1448479E-03,+5.1140076574E+00
+10.8000E-06,+46.5368077E-03,+5.0888820291E+00
+11.3200E-06,+46.5217323E-03,+5.0888820291E+00
+11.8400E-06,+45.9488680E-03,+5.2145101707E+00
+12.3600E-06,+46.5518831E-03,+5.0888820291E+00
+12.8800E-06,+46.6197223E-03,+5.1642589141E+00
+13.4000E-06,+43.9438429E-03,+5.0888820291E+00
+13.9200E-06,+46.4011293E-03,+5.0135051440E+00
+14.4400E-06,+46.1599233E-03,+4.8878770024E+00
+14.9600E-06,+47.0418328E-03,+5.2145101707E+00
+15.4800E-06,+48.3835413E-03,+5.0888820291E+00
+16.0000E-06,+45.7905766E-03,+5.1391332857E+00
+16.5200E-06,+44.3508781E-03,+5.2647614274E+00
+17.0400E-06,+45.9790188E-03,+5.0135051440E+00
+17.5600E-06,+44.3358027E-03,+4.8878770024E+00
+18.0800E-06,+49.1297725E-03,+5.0135051440E+00
+18.6000E-06,+45.0368077E-03,+5.0888820291E+00
+19.1200E-06,+44.6674610E-03,+5.0888820291E+00
+19.6400E-06,+47.5920841E-03,+5.1140076574E+00
+20.1600E-06,+46.7478630E-03,+5.0888820291E+00
+20.6800E-06,+47.9538931E-03,+5.2396357991E+00
+21.2000E-06,+47.1247474E-03,+5.1642589141E+00
+21.7200E-06,+45.1800238E-03,+4.8878770024E+00
+22.2400E-06,+46.2654509E-03,+5.0888820291E+00
+22.7600E-06,+44.9312801E-03,+5.2898870558E+00
+23.2800E-06,+46.6950992E-03,+5.0888820291E+00
+23.8000E-06,+48.9790187E-03,+5.0888820291E+00
+24.3200E-06,+45.6322851E-03,+5.2898870558E+00
+24.8400E-06,+48.4212298E-03,+5.0888820291E+00
+25.3600E-06,+44.2227374E-03,+4.8878770024E+00
+25.8800E-06,+44.3508781E-03,+5.0888820291E+00
+26.4000E-06,+46.0468580E-03,+5.0888820291E+00
+26.9200E-06,+47.0116821E-03,+4.9130026307E+00
+27.4400E-06,+46.6121846E-03,+5.0888820291E+00
+27.9600E-06,+47.8257524E-03,+5.0888820291E+00
+28.4800E-06,+46.8307775E-03,+5.0135051440E+00
+29.0000E-06,+46.6046469E-03,+5.0888820291E+00
+29.5200E-06,+45.7227374E-03,+5.2898870558E+00
+30.0400E-06,+45.2177122E-03,+4.9130026307E+00
+30.5600E-06,+46.5594208E-03,+5.0135051440E+00
+31.0800E-06,+45.7453504E-03,+5.1140076574E+00
+31.6000E-06,+46.5594208E-03,+4.8878770024E+00
+32.1200E-06,+45.7302750E-03,+5.1140076574E+00
+32.6400E-06,+45.5116821E-03,+5.0888820291E+00
+33.1600E-06,+46.0393203E-03,+4.8878770024E+00
+33.6800E-06,+46.1146972E-03,+5.2145101707E+00
+34.2000E-06,+46.1373102E-03,+4.9381282590E+00
+34.7200E-06,+46.2503755E-03,+5.0135051440E+00
+35.2400E-06,+47.3659534E-03,+5.0637564007E+00
+35.7600E-06,+45.9036419E-03,+5.0135051440E+00
+36.2800E-06,+44.7202248E-03,+5.1140076574E+00
+36.8000E-06,+45.2704761E-03,+5.0888820291E+00
+37.3200E-06,+47.1473605E-03,+5.0888820291E+00
+37.8400E-06,+47.6900740E-03,+4.8878770024E+00
+38.3600E-06,+45.0217323E-03,+5.0888820291E+00
+38.8800E-06,+46.1448479E-03,+5.1642589141E+00
+39.4000E-06,+46.1976117E-03,+5.0637564007E+00
+39.9200E-06,+47.3358027E-03,+4.8878770024E+00
+40.4400E-06,+45.7604258E-03,+4.9130026307E+00
+40.9600E-06,+46.0468580E-03,+5.1642589141E+00
+41.4800E-06,+47.8483655E-03,+5.0637564007E+00
+42.0000E-06,+47.9312800E-03,+5.1642589141E+00
+42.5200E-06,+43.8533906E-03,+5.2898870558E+00
+43.0400E-06,+45.4287675E-03,+5.0135051440E+00
+43.5600E-06,+43.8081645E-03,+5.0888820291E+00
+44.0800E-06,+47.7579132E-03,+5.2145101707E+00
+44.6000E-06,+45.1272600E-03,+4.8878770024E+00
+45.1200E-06,+47.6976117E-03,+4.9632538874E+00
+45.6400E-06,+48.2554006E-03,+5.2647614274E+00
+46.1600E-06,+46.8609283E-03,+5.0888820291E+00
+46.6800E-06,+45.4287675E-03,+5.0888820291E+00
+47.2000E-06,+46.5820338E-03,+5.2145101707E+00
+47.7200E-06,+44.6900740E-03,+4.8878770024E+00
+48.2400E-06,+44.1548982E-03,+5.0888820291E+00
+48.7600E-06,+45.5342951E-03,+5.2647614274E+00
+49.2800E-06,+46.3559032E-03,+5.0135051440E+00
+49.8000E-06,+46.8232399E-03,+5.2396357991E+00
+50.3200E-06,+45.6096720E-03,+5.0888820291E+00
+50.8400E-06,+46.9815313E-03,+5.0888820291E+00
+51.3600E-06,+45.6021343E-03,+5.0135051440E+00
+51.8800E-06,+44.2604258E-03,+5.0888820291E+00
+52.4000E-06,+46.2051494E-03,+5.0888820291E+00
+52.9200E-06,+45.2177122E-03,+4.9130026307E+00
+53.4400E-06,+46.8760037E-03,+4.9632538874E+00
+53.9600E-06,+47.0267574E-03,+5.0637564007E+00
+54.4800E-06,+46.7629383E-03,+4.8878770024E+00
+55.0000E-06,+46.1825363E-03,+4.9381282590E+00
+55.5200E-06,+47.2453504E-03,+5.0888820291E+00
+56.0400E-06,+47.8634409E-03,+4.9130026307E+00
+56.5600E-06,+46.3483655E-03,+5.0888820291E+00
+57.0800E-06,+45.7001243E-03,+5.1140076574E+00
+57.6000E-06,+46.4915816E-03,+4.8878770024E+00
+58.1200E-06,+46.9136921E-03,+5.0888820291E+00
+58.6400E-06,+46.4765062E-03,+5.2145101707E+00
+59.1600E-06,+47.6146971E-03,+5.0637564007E+00
+59.6800E-06,+46.9513806E-03,+4.8878770024E+00
+60.2000E-06,+48.6850489E-03,+4.9130026307E+00
+60.7200E-06,+45.9940941E-03,+4.9632538874E+00
+61.2400E-06,+44.5770087E-03,+5.0888820291E+00
+61.7600E-06,+46.7780137E-03,+5.1642589141E+00
+62.2800E-06,+46.0845464E-03,+4.9130026307E+00
+62.8000E-06,+47.8332901E-03,+5.0135051440E+00
+63.3200E-06,+49.3634408E-03,+5.0888820291E+00
+63.8400E-06,+47.6448479E-03,+5.2898870558E+00
+64.3600E-06,+49.3182147E-03,+5.0637564007E+00
+64.8800E-06,+47.4488680E-03,+5.1642589141E+00
+65.4000E-06,+48.8056519E-03,+5.0637564007E+00
+65.9200E-06,+44.3734911E-03,+4.9632538874E+00
+66.4400E-06,+44.1775112E-03,+4.9130026307E+00
+66.9600E-06,+47.2151997E-03,+4.9632538874E+00
+67.4800E-06,+44.5091695E-03,+4.8878770024E+00
+68.0000E-06,+46.4840439E-03,+5.1642589141E+00
+68.5200E-06,+48.7679635E-03,+4.9130026307E+00
+69.0400E-06,+47.8408278E-03,+4.9632538874E+00
+69.5600E-06,+44.8257524E-03,+5.2647614274E+00
+70.0800E-06,+45.7905766E-03,+5.1642589141E+00
+70.6000E-06,+44.7503756E-03,+4.8878770024E+00
+71.1200E-06,+45.5267575E-03,+4.8878770024E+00
+71.6400E-06,+47.3734911E-03,+5.0637564007E+00
+72.1600E-06,+45.7679635E-03,+5.0888820291E+00
+72.6800E-06,+47.0795213E-03,+5.0888820291E+00
+73.2000E-06,+47.4187172E-03,+5.0888820291E+00
+73.7200E-06,+47.8106770E-03,+4.9130026307E+00
+74.2400E-06,+46.1071595E-03,+5.2145101707E+00
+74.7600E-06,+44.9614308E-03,+4.9130026307E+00
+75.2800E-06,+45.9790188E-03,+4.9632538874E+00
+75.8000E-06,+45.7905766E-03,+4.9130026307E+00
+76.3200E-06,+46.2805263E-03,+5.1642589141E+00
+76.8400E-06,+45.9790188E-03,+4.9130026307E+00
+77.3600E-06,+46.6950992E-03,+5.0888820291E+00
+77.8800E-06,+46.3106770E-03,+4.7371232323E+00
+78.4000E-06,+46.9287675E-03,+4.9632538874E+00
+78.9200E-06,+45.4513806E-03,+5.0888820291E+00
+79.4400E-06,+46.3559032E-03,+5.0888820291E+00
+79.9600E-06,+45.9111796E-03,+5.0637564007E+00
+80.4800E-06,+46.6649484E-03,+4.9632538874E+00
+81.0000E-06,+46.2880640E-03,+5.1140076574E+00
+81.5200E-06,+47.1624358E-03,+5.0888820291E+00
+82.0400E-06,+45.1423354E-03,+4.9130026307E+00
+82.5600E-06,+46.7554007E-03,+5.1642589141E+00
+83.0800E-06,+48.1197223E-03,+5.0888820291E+00
+83.6000E-06,+46.7554007E-03,+5.0888820291E+00
+84.1200E-06,+44.5468580E-03,+5.0888820291E+00
+84.6400E-06,+44.9840439E-03,+5.0888820291E+00
+85.1600E-06,+44.1548982E-03,+5.0888820291E+00
+85.6800E-06,+47.0644459E-03,+5.2898870558E+00
+86.2000E-06,+46.9438429E-03,+5.1140076574E+00
+86.7200E-06,+49.5217323E-03,+4.9632538874E+00
+87.2400E-06,+44.6146972E-03,+5.0888820291E+00
+87.7600E-06,+46.5744961E-03,+5.0888820291E+00
+88.2800E-06,+44.8408278E-03,+5.0637564007E+00
+88.8000E-06,+46.4312801E-03,+5.0888820291E+00
+89.3200E-06,+44.1548982E-03,+4.9130026307E+00
+89.8400E-06,+46.1749987E-03,+5.0888820291E+00
+90.3600E-06,+45.7076620E-03,+5.0637564007E+00
+90.8800E-06,+44.9840439E-03,+5.0888820291E+00
+91.4000E-06,+45.0217323E-03,+4.9130026307E+00
+91.9200E-06,+45.0669585E-03,+5.0888820291E+00
+92.4400E-06,+44.9538931E-03,+5.2647614274E+00
+92.9600E-06,+45.9488680E-03,+4.9632538874E+00
+93.4800E-06,+44.8935916E-03,+5.0888820291E+00
+94.0000E-06,+46.4991193E-03,+5.0888820291E+00
+94.5200E-06,+45.7378127E-03,+5.0637564007E+00
+95.0400E-06,+44.8483655E-03,+5.1642589141E+00
+95.5600E-06,+46.8684660E-03,+5.0637564007E+00
+96.0800E-06,+45.8282650E-03,+5.1391332857E+00
+96.6000E-06,+47.4564057E-03,+5.0386307724E+00
+97.1200E-06,+46.7252499E-03,+5.1391332857E+00
+97.6400E-06,+46.3408278E-03,+4.9130026307E+00
+98.1600E-06,+46.8232399E-03,+5.0888820291E+00
+98.6800E-06,+45.7604258E-03,+5.0888820291E+00
+99.2000E-06,+45.7453504E-03,+5.0135051440E+00
+99.7200E-06,+45.7755012E-03,+5.0888820291E+00
+100.2400E-06,+46.4388177E-03,+5.0888820291E+00
+100.7600E-06,+47.4111795E-03,+4.8878770024E+00
+101.2800E-06,+46.2353002E-03,+4.8878770024E+00
+101.8000E-06,+45.6172097E-03,+5.0888820291E+00
+102.3200E-06,+46.0770087E-03,+5.0386307724E+00
+102.8400E-06,+44.7202248E-03,+4.8878770024E+00
+103.3600E-06,+46.6875615E-03,+5.2145101707E+00
+103.8800E-06,+49.2956016E-03,+4.9381282590E+00
+104.4000E-06,+47.6599233E-03,+4.9632538874E+00
+104.9200E-06,+45.5342951E-03,+5.1140076574E+00
+105.4400E-06,+44.5619333E-03,+5.0888820291E+00
+105.9600E-06,+44.2378127E-03,+4.9130026307E+00
+106.4800E-06,+45.0669585E-03,+5.2145101707E+00
+107.0000E-06,+47.7956017E-03,+5.0888820291E+00
+107.5200E-06,+47.4564057E-03,+5.0135051440E+00
+108.0400E-06,+43.7177123E-03,+5.0888820291E+00
+108.5600E-06,+43.9136921E-03,+5.0888820291E+00
+109.0800E-06,+48.6398228E-03,+4.9130026307E+00
+109.6000E-06,+44.8935916E-03,+5.0888820291E+00
+110.1200E-06,+43.8684660E-03,+5.0888820291E+00
+110.6400E-06,+45.2327876E-03,+4.9632538874E+00
+111.1600E-06,+46.2579132E-03,+5.0888820291E+00
+111.6800E-06,+47.1247474E-03,+5.1642589141E+00
+112.2000E-06,+48.0820338E-03,+5.2647614274E+00
+112.7200E-06,+47.9388177E-03,+4.8878770024E+00
+113.2400E-06,+46.0242449E-03,+5.0888820291E+00
+113.7600E-06,+47.1247474E-03,+4.9632538874E+00
+114.2800E-06,+47.8483655E-03,+4.8878770024E+00
+114.8000E-06,+48.0141946E-03,+5.1642589141E+00
+115.3200E-06,+45.7830389E-03,+5.0888820291E+00
+115.8400E-06,+46.6724861E-03,+4.8376257457E+00
+116.3600E-06,+47.7880640E-03,+5.2396357991E+00
+116.8800E-06,+47.2830388E-03,+4.8878770024E+00
+117.4000E-06,+47.4111795E-03,+4.9130026307E+00
+117.9200E-06,+46.0167072E-03,+5.0135051440E+00
+118.4400E-06,+46.3257524E-03,+5.0888820291E+00
+118.9600E-06,+46.4086670E-03,+5.1642589141E+00
+119.4800E-06,+46.9061544E-03,+5.0888820291E+00
+120.0000E-06,+46.6800238E-03,+5.1642589141E+00
+120.5200E-06,+46.6347976E-03,+4.7371232323E+00
+121.0400E-06,+46.9363052E-03,+5.2145101707E+00
+121.5600E-06,+45.8584157E-03,+5.0888820291E+00
+122.0800E-06,+46.1297725E-03,+5.0888820291E+00
+122.6000E-06,+46.1297725E-03,+5.0888820291E+00
+123.1200E-06,+46.7026368E-03,+5.1642589141E+00
+123.6400E-06,+48.6247474E-03,+4.8878770024E+00
+124.1600E-06,+45.7755012E-03,+5.0888820291E+00
+124.6800E-06,+45.7076620E-03,+5.0888820291E+00
+125.2000E-06,+46.7403253E-03,+5.1391332857E+00
+125.7200E-06,+46.7403253E-03,+5.0888820291E+00
+126.2400E-06,+47.8332901E-03,+5.0888820291E+00
+126.7600E-06,+48.9036418E-03,+5.0888820291E+00
+127.2800E-06,+48.4061544E-03,+4.9632538874E+00
+127.8000E-06,+47.4940941E-03,+4.9381282590E+00
+128.3200E-06,+44.8785163E-03,+5.0888820291E+00
+128.8400E-06,+44.8634409E-03,+4.8878770024E+00
+129.3600E-06,+47.5393203E-03,+5.0888820291E+00
+129.8800E-06,+44.8709786E-03,+5.0888820291E+00
+130.4000E-06,+46.4388177E-03,+5.0135051440E+00
+130.9200E-06,+47.2227373E-03,+5.2647614274E+00
+131.4400E-06,+44.9162047E-03,+5.0888820291E+00
+131.9600E-06,+47.8634409E-03,+5.0637564007E+00
+132.4800E-06,+47.0945966E-03,+5.0888820291E+00
+133.0000E-06,+44.2830389E-03,+5.0888820291E+00
+133.5200E-06,+45.7227374E-03,+5.0135051440E+00
+134.0400E-06,+44.3659535E-03,+5.0888820291E+00
+134.5600E-06,+48.0066569E-03,+5.0888820291E+00
+135.0800E-06,+48.4212298E-03,+5.0888820291E+00
+135.6000E-06,+46.9739936E-03,+5.0888820291E+00
+136.1200E-06,+47.2302750E-03,+5.2145101708E+00
+136.6400E-06,+45.3910791E-03,+5.0135051440E+00
+137.1600E-06,+44.6222349E-03,+4.9130026307E+00
+137.6800E-06,+47.6146971E-03,+4.9632538874E+00
+138.2000E-06,+45.5192198E-03,+4.9130026307E+00
+138.7200E-06,+47.2453504E-03,+5.0135051440E+00
+139.2400E-06,+46.0091695E-03,+5.2647614274E+00
+139.7600E-06,+46.0317826E-03,+5.0888820291E+00
+140.2800E-06,+46.8458529E-03,+5.2647614274E+00
+140.8000E-06,+45.7679635E-03,+5.1391332857E+00
+141.3200E-06,+47.3433404E-03,+4.9130026307E+00
+141.8400E-06,+46.3785162E-03,+5.0135051440E+00
+142.3600E-06,+45.3307776E-03,+5.1140076574E+00
+142.8800E-06,+47.2830388E-03,+4.9632538874E+00
+143.4000E-06,+45.9639434E-03,+5.2396357991E+00
+143.9200E-06,+47.1473605E-03,+5.1642589141E+00
+144.4400E-06,+45.6624358E-03,+5.0637564007E+00
+144.9600E-06,+47.7956017E-03,+5.0135051440E+00
+145.4800E-06,+47.0644459E-03,+4.9130026307E+00
+146.0000E-06,+46.2805263E-03,+5.0888820291E+00
+146.5200E-06,+46.9061544E-03,+5.0888820291E+00
+147.0400E-06,+44.7503756E-03,+5.0888820291E+00
+147.5600E-06,+46.7554007E-03,+5.0888820291E+00
+148.0800E-06,+45.9262549E-03,+5.0888820291E+00
+148.6000E-06,+46.6574107E-03,+5.0888820291E+00
+149.1200E-06,+44.5770087E-03,+5.1642589141E+00
+149.6400E-06,+50.9538931E-03,+5.0888820291E+00
+150.1600E-06,+46.9589182E-03,+5.2145101707E+00
+150.6800E-06,+44.6976117E-03,+5.0888820291E+00
+151.2000E-06,+46.8307775E-03,+4.9632538874E+00
+151.7200E-06,+44.0870590E-03,+5.1140076574E+00
+152.2400E-06,+47.5242449E-03,+5.0135051440E+00
+152.7600E-06,+47.6825363E-03,+5.0637564007E+00
+153.2800E-06,+46.6574107E-03,+5.2145101707E+00
+153.8000E-06,+46.8081645E-03,+5.1140076574E+00
+154.3200E-06,+45.9790188E-03,+5.0135051440E+00
+154.8400E-06,+44.6674610E-03,+4.9130026307E+00
+155.3600E-06,+48.5418328E-03,+5.0888820291E+00
+155.8800E-06,+45.1197223E-03,+4.8878770024E+00
+156.4000E-06,+45.6624358E-03,+5.0888820291E+00
+156.9200E-06,+43.9815313E-03,+5.2647614274E+00
+157.4400E-06,+45.4815313E-03,+5.1391332857E+00
+157.9600E-06,+49.0770087E-03,+4.9130026307E+00
+158.4800E-06,+47.5016318E-03,+5.0888820291E+00
+159.0000E-06,+45.9111796E-03,+4.9130026307E+00
+159.5200E-06,+44.9312801E-03,+4.8878770024E+00
+160.0400E-06,+44.7051494E-03,+5.0888820291E+00
+160.5600E-06,+46.3935916E-03,+5.0135051440E+00
+161.0800E-06,+46.3559032E-03,+5.0888820291E+00
+161.6000E-06,+46.6121846E-03,+5.0888820291E+00
+162.1200E-06,+46.1674610E-03,+5.0888820291E+00
+162.6400E-06,+46.0091695E-03,+5.0888820291E+00
+163.1600E-06,+47.3358027E-03,+4.9381282590E+00
+163.6800E-06,+46.7252499E-03,+4.8878770024E+00
+164.2000E-06,+46.5292700E-03,+4.7622488607E+00
+164.7200E-06,+46.3332901E-03,+5.0386307724E+00
+165.2400E-06,+45.6247474E-03,+5.0637564007E+00
+165.7600E-06,+46.2880640E-03,+5.0888820291E+00
+166.2800E-06,+45.4664560E-03,+5.2898870558E+00
+166.8000E-06,+46.8760037E-03,+5.1391332857E+00
+167.3200E-06,+46.8383152E-03,+4.8878770024E+00
+167.8400E-06,+45.1423354E-03,+5.0135051440E+00
+168.3600E-06,+44.8935916E-03,+5.0888820291E+00
+168.8800E-06,+45.4212298E-03,+5.0135051440E+00
+169.4000E-06,+44.7579132E-03,+5.0637564007E+00
+169.9200E-06,+48.0443454E-03,+5.0888820291E+00
+170.4400E-06,+43.9438429E-03,+4.8878770024E+00
+170.9600E-06,+44.8559032E-03,+5.0888820291E+00
+171.4800E-06,+48.3533906E-03,+5.0888820291E+00
+172.0000E-06,+44.8031394E-03,+5.0888820291E+00
+172.5200E-06,+43.5217324E-03,+5.0637564007E+00
+173.0400E-06,+47.4714811E-03,+5.0888820291E+00
+173.5600E-06,+44.8935916E-03,+4.9130026307E+00
+174.0800E-06,+45.3307776E-03,+5.0888820291E+00
+174.6000E-06,+44.5996218E-03,+5.0888820291E+00
+175.1200E-06,+47.2151997E-03,+5.0135051440E+00
+175.6400E-06,+48.8056519E-03,+5.1140076574E+00
+176.1600E-06,+47.7051494E-03,+5.1391332857E+00
+176.6800E-06,+48.3458529E-03,+5.0637564007E+00
+177.2000E-06,+44.5317826E-03,+5.0135051440E+00
+177.7200E-06,+44.9991193E-03,+5.1140076574E+00
+178.2400E-06,+46.9815313E-03,+4.8376257457E+00
+178.7600E-06,+45.3232399E-03,+4.8878770024E+00
+179.2800E-06,+47.9312800E-03,+5.2145101707E+00
+179.8000E-06,+46.7403253E-03,+4.9130026307E+00
+180.3200E-06,+44.6900740E-03,+4.8878770024E+00
+180.8400E-06,+47.4337926E-03,+5.0888820291E+00
+181.3600E-06,+47.6976117E-03,+5.2145101707E+00
+181.8800E-06,+46.7930891E-03,+4.8878770024E+00
+182.4000E-06,+45.8508781E-03,+5.1642589141E+00
+182.9200E-06,+45.6699735E-03,+5.0888820291E+00
+183.4400E-06,+45.9413303E-03,+4.8878770024E+00
+183.9600E-06,+46.0317826E-03,+4.9130026307E+00
+184.4800E-06,+46.2051494E-03,+5.0888820291E+00
+185.0000E-06,+47.4714811E-03,+5.0637564007E+00
+185.5200E-06,+46.6724861E-03,+5.1642589141E+00
+186.0400E-06,+45.8207273E-03,+5.0637564007E+00
+186.5600E-06,+45.5342951E-03,+4.9632538874E+00
+187.0800E-06,+45.9488680E-03,+5.0888820291E+00
+187.6000E-06,+45.6322851E-03,+5.0888820291E+00
+188.1200E-06,+46.0091695E-03,+5.0888820291E+00
+188.6400E-06,+47.0267574E-03,+5.0888820291E+00
+189.1600E-06,+45.3910791E-03,+5.1140076574E+00
+189.6800E-06,+48.6850489E-03,+4.9632538874E+00
+190.2000E-06,+48.1950991E-03,+5.0637564007E+00
+190.7200E-06,+45.9714811E-03,+5.0386307724E+00
+191.2400E-06,+48.7378127E-03,+4.9130026307E+00
+191.7600E-06,+47.4262549E-03,+5.0888820291E+00
+192.2800E-06,+44.9689685E-03,+5.1140076574E+00
+192.8000E-06,+47.8860539E-03,+4.9381282590E+00
+193.3200E-06,+47.7503755E-03,+4.9130026307E+00
+193.8400E-06,+47.8634409E-03,+5.0135051440E+00
+194.3600E-06,+47.9237424E-03,+5.0888820291E+00
+194.8800E-06,+45.9790188E-03,+5.0888820291E+00
+195.4000E-06,+49.4991192E-03,+5.2898870558E+00
+195.9200E-06,+47.1021343E-03,+5.0888820291E+00
+196.4400E-06,+46.7629383E-03,+5.2396357991E+00
+196.9600E-06,+46.5971092E-03,+5.1642589141E+00
+197.4800E-06,+45.7830389E-03,+5.2647614274E+00
+198.0000E-06,+47.1322851E-03,+5.0135051440E+00
+198.5200E-06,+48.9413303E-03,+5.0888820291E+00
+199.0400E-06,+46.2126871E-03,+5.1642589141E+00
+199.5600E-06,+44.6599233E-03,+5.0637564007E+00
+200.0800E-06,+44.6976117E-03,+5.2145101707E+00
+200.6000E-06,+44.7805263E-03,+5.1140076574E+00
+201.1200E-06,+47.4790187E-03,+4.9632538874E+00
+201.6400E-06,+48.4739936E-03,+5.0888820291E+00
+202.1600E-06,+46.9136921E-03,+5.0888820291E+00
+202.6800E-06,+46.8835414E-03,+5.0888820291E+00
+203.2000E-06,+44.7503756E-03,+5.0888820291E+00
+203.7200E-06,+46.5744961E-03,+5.0637564007E+00
+204.2400E-06,+46.2880640E-03,+5.0135051440E+00
+204.7600E-06,+47.1850489E-03,+4.9130026307E+00
+205.2800E-06,+47.5996218E-03,+5.0888820291E+00
+205.8000E-06,+45.5644459E-03,+4.9130026307E+00
+206.3200E-06,+46.1071595E-03,+5.0888820291E+00
+206.8400E-06,+45.7151997E-03,+5.0888820291E+00
+207.3600E-06,+46.5820338E-03,+5.0135051440E+00
+207.8800E-06,+47.6599233E-03,+5.0888820291E+00
+208.4000E-06,+46.1523856E-03,+5.0888820291E+00
+208.9200E-06,+44.4036419E-03,+4.9130026307E+00
+209.4400E-06,+46.3182147E-03,+5.0888820291E+00
+209.9600E-06,+45.9865564E-03,+5.2898870558E+00
+210.4800E-06,+47.4337926E-03,+4.8878770024E+00
+211.0000E-06,+45.4513806E-03,+5.0888820291E+00
+211.5200E-06,+47.0569082E-03,+5.1642589141E+00
+212.0400E-06,+47.2905765E-03,+5.0637564007E+00
+212.5600E-06,+46.7855514E-03,+5.0888820291E+00
+213.0800E-06,+49.5368077E-03,+5.1140076574E+00
+213.6000E-06,+46.7403253E-03,+5.0888820291E+00
+214.1200E-06,+45.8810288E-03,+5.0888820291E+00
+214.6400E-06,+47.6071594E-03,+5.0135051440E+00
+215.1600E-06,+46.4086670E-03,+4.9381282590E+00
+215.6800E-06,+47.3207273E-03,+4.8878770024E+00
+216.2000E-06,+48.6925866E-03,+5.0888820291E+00
+216.7200E-06,+44.7277625E-03,+5.0135051440E+00
+217.2400E-06,+48.2554006E-03,+4.9130026307E+00
+217.7600E-06,+45.5267575E-03,+5.2898870558E+00
+218.2800E-06,+44.7428379E-03,+5.0888820291E+00
+218.8000E-06,+49.6423353E-03,+4.8878770024E+00
+219.3200E-06,+46.3483655E-03,+5.0637564007E+00
+219.8400E-06,+45.7528881E-03,+5.1642589141E+00
+220.3600E-06,+46.7327876E-03,+5.2647614274E+00
+220.8800E-06,+48.6172097E-03,+5.0135051440E+00
+221.4000E-06,+45.5041444E-03,+5.0888820291E+00
+221.9200E-06,+46.6800238E-03,+5.0888820291E+00
+222.4400E-06,+45.0971092E-03,+5.0888820291E+00
+222.9600E-06,+46.2729886E-03,+5.0888820291E+00
+223.4800E-06,+44.8634409E-03,+4.8878770024E+00
+224.0000E-06,+47.6222348E-03,+5.0888820291E+00
+224.5200E-06,+48.0518831E-03,+5.0888820291E+00
+225.0400E-06,+47.8031393E-03,+4.9632538874E+00
+225.5600E-06,+47.4865564E-03,+4.8878770024E+00
+226.0800E-06,+45.7001243E-03,+4.9632538874E+00
+226.6000E-06,+44.9538931E-03,+5.0888820291E+00
+227.1200E-06,+46.2729886E-03,+5.0888820291E+00
+227.6400E-06,+47.2378127E-03,+5.2647614274E+00
+228.1600E-06,+46.7026368E-03,+5.0888820291E+00
+228.6800E-06,+46.3935916E-03,+5.0888820291E+00
+229.2000E-06,+45.7755012E-03,+5.0888820291E+00
+229.7200E-06,+47.8257524E-03,+5.0888820291E+00
+230.2400E-06,+45.6548982E-03,+5.0135051440E+00
+230.7600E-06,+47.3358027E-03,+5.2898870558E+00
+231.2800E-06,+46.7704760E-03,+5.2145101707E+00
+231.8000E-06,+46.8835414E-03,+4.9130026307E+00
+232.3200E-06,+46.6046469E-03,+5.0888820291E+00
+232.8400E-06,+46.9212298E-03,+5.2396357991E+00
+233.3600E-06,+47.7579132E-03,+4.9632538874E+00
+233.8800E-06,+47.9388177E-03,+5.0888820291E+00
+234.4000E-06,+47.0795213E-03,+5.1642589141E+00
+234.9200E-06,+47.2453504E-03,+5.0888820291E+00
+235.4400E-06,+45.7981142E-03,+5.1642589141E+00
+235.9600E-06,+45.1649484E-03,+5.1140076574E+00
+236.4800E-06,+44.8559032E-03,+4.8878770024E+00
+237.0000E-06,+47.5996218E-03,+5.0888820291E+00
+237.5200E-06,+47.7202248E-03,+5.0888820291E+00
+238.0400E-06,+45.9865564E-03,+5.0888820291E+00
+238.5600E-06,+47.8634409E-03,+4.9632538874E+00
+239.0800E-06,+47.1850489E-03,+5.0888820291E+00
+239.6000E-06,+45.3684660E-03,+5.0888820291E+00
+240.1200E-06,+44.2076620E-03,+4.9130026307E+00
+240.6400E-06,+45.7604258E-03,+5.0888820291E+00
+241.1600E-06,+47.9840439E-03,+5.0888820291E+00
+241.6800E-06,+47.9991192E-03,+4.9632538874E+00
+242.2000E-06,+47.6900740E-03,+5.2898870558E+00
+242.7200E-06,+44.5317826E-03,+5.0888820291E+00
+243.2400E-06,+45.6021343E-03,+5.0888820291E+00
+243.7600E-06,+46.0694710E-03,+5.0888820291E+00
+244.2800E-06,+48.0292700E-03,+5.0888820291E+00
+244.8000E-06,+46.9739936E-03,+5.0888820291E+00
+245.3200E-06,+45.9262549E-03,+5.0888820291E+00
+245.8400E-06,+46.0920841E-03,+5.0135051440E+00
+246.3600E-06,+46.8081645E-03,+4.8878770024E+00
+246.8800E-06,+45.4739936E-03,+5.2145101707E+00
+247.4000E-06,+46.8081645E-03,+5.0888820291E+00
+247.9200E-06,+46.2880640E-03,+5.0888820291E+00
+248.4400E-06,+45.4136921E-03,+5.2898870558E+00
+248.9600E-06,+46.3785162E-03,+5.0888820291E+00
+249.4800E-06,+46.0996218E-03,+5.0888820291E+00
+250.0000E-06,+46.1976117E-03,+4.8878770024E+00
+250.5200E-06,+46.6574107E-03,+5.0888820291E+00
+251.0400E-06,+46.9438429E-03,+4.8878770024E+00
+251.5600E-06,+45.8358027E-03,+5.0888820291E+00
+252.0800E-06,+46.3257524E-03,+5.0888820291E+00
+252.6000E-06,+47.0267574E-03,+4.8878770024E+00
+253.1200E-06,+46.3785162E-03,+5.0888820291E+00
+253.6400E-06,+46.4388177E-03,+5.2647614274E+00
+254.1600E-06,+46.3785162E-03,+4.9381282590E+00
+254.6800E-06,+46.2880640E-03,+5.0637564007E+00
+255.2000E-06,+45.4287675E-03,+5.0888820291E+00
+255.7200E-06,+46.3860539E-03,+5.0888820291E+00
+256.2400E-06,+48.0066569E-03,+4.8878770024E+00
+256.7600E-06,+48.8131896E-03,+5.0637564007E+00
+257.2800E-06,+45.4739936E-03,+4.9632538874E+00
+257.8000E-06,+44.9086670E-03,+5.0637564007E+00
+258.3200E-06,+44.8860539E-03,+5.3401383124E+00
+258.8400E-06,+46.1599233E-03,+5.0888820291E+00
+259.3600E-06,+47.9840439E-03,+5.0888820291E+00
+259.8800E-06,+50.1096720E-03,+5.1140076574E+00
+260.4000E-06,+47.1850489E-03,+5.0888820291E+00
+260.9200E-06,+47.0418328E-03,+5.0888820291E+00
+261.4400E-06,+47.8709785E-03,+5.0888820291E+00
+261.9600E-06,+48.8659534E-03,+4.8878770024E+00
+262.4800E-06,+49.2277624E-03,+5.0135051440E+00
+263.0000E-06,+48.6172097E-03,+5.2647614274E+00
+263.5200E-06,+48.0594207E-03,+5.0888820291E+00
+264.0400E-06,+45.4966067E-03,+4.9130026307E+00
+264.5600E-06,+47.9011293E-03,+5.0888820291E+00
+265.0800E-06,+48.4061544E-03,+5.0888820291E+00
+265.6000E-06,+45.8659534E-03,+4.8878770024E+00
+266.1200E-06,+44.9463555E-03,+5.0888820291E+00
+266.6400E-06,+48.4739936E-03,+5.0888820291E+00
+267.1600E-06,+48.5870589E-03,+4.9130026307E+00
+267.6800E-06,+48.2403253E-03,+5.0135051440E+00
+268.2000E-06,+47.8785162E-03,+5.1140076574E+00
+268.7200E-06,+46.2277625E-03,+4.9632538874E+00
+269.2400E-06,+47.0719836E-03,+5.0888820291E+00
+269.7600E-06,+46.8081645E-03,+5.1642589141E+00
+270.2800E-06,+46.8684660E-03,+4.9130026307E+00
+270.8000E-06,+47.3508780E-03,+5.0888820291E+00
+271.3200E-06,+47.2227373E-03,+5.2647614274E+00
+271.8400E-06,+47.1473605E-03,+4.8878770024E+00
+272.3600E-06,+47.4111795E-03,+5.2647614274E+00
+272.8800E-06,+48.1649484E-03,+5.0888820291E+00
+273.4000E-06,+47.2679635E-03,+5.0888820291E+00
+273.9200E-06,+46.5820338E-03,+5.0888820291E+00
+274.4400E-06,+46.5820338E-03,+5.2647614274E+00
+274.9600E-06,+45.8131896E-03,+5.0135051440E+00
+275.4800E-06,+48.7905765E-03,+5.0637564007E+00
+276.0000E-06,+47.5242449E-03,+5.0888820291E+00
+276.5200E-06,+46.9739936E-03,+4.9130026307E+00
+277.0400E-06,+50.3207273E-03,+4.8878770024E+00
+277.5600E-06,+45.8961042E-03,+5.0888820291E+00
+278.0800E-06,+47.5317826E-03,+5.0135051440E+00
+278.6000E-06,+46.3106770E-03,+5.0637564007E+00
+279.1200E-06,+49.6197222E-03,+4.9632538874E+00
+279.6400E-06,+45.5267575E-03,+5.0888820291E+00
+280.1600E-06,+45.3533906E-03,+5.0135051440E+00
+280.6800E-06,+45.0518831E-03,+5.1140076574E+00
+281.2000E-06,+48.6172097E-03,+5.0888820291E+00
+281.7200E-06,+48.3006268E-03,+4.9130026307E+00
+282.2400E-06,+46.8081645E-03,+5.0888820291E+00
+282.7600E-06,+48.5644459E-03,+5.1140076574E+00
+283.2800E-06,+47.5920841E-03,+5.0135051440E+00
+283.8000E-06,+44.2981143E-03,+5.0637564007E+00
+284.3200E-06,+46.3257524E-03,+5.0888820291E+00
+284.8400E-06,+45.1649484E-03,+5.0888820291E+00
+285.3600E-06,+44.8785163E-03,+5.0135051440E+00
+285.8800E-06,+47.9991192E-03,+4.9381282590E+00
+286.4000E-06,+47.3282650E-03,+4.9632538874E+00
+286.9200E-06,+48.2101745E-03,+5.0888820291E+00
+287.4400E-06,+46.0619333E-03,+5.2898870558E+00
+287.9600E-06,+47.7277625E-03,+5.0637564007E+00
+288.4800E-06,+45.2252499E-03,+5.0888820291E+00
+289.0000E-06,+45.5644459E-03,+5.1140076574E+00
+289.5200E-06,+47.1398228E-03,+5.0888820291E+00
+290.0400E-06,+46.6197223E-03,+5.0888820291E+00
+290.5600E-06,+47.4413303E-03,+5.0888820291E+00
+291.0800E-06,+46.8533906E-03,+5.0888820291E+00
+291.6000E-06,+46.5141946E-03,+4.9632538874E+00
+292.1200E-06,+46.5368077E-03,+5.1140076574E+00
+292.6400E-06,+46.3709786E-03,+5.0888820291E+00
+293.1600E-06,+47.9840439E-03,+4.9130026307E+00
+293.6800E-06,+47.7051494E-03,+5.0888820291E+00
+294.2000E-06,+47.6900740E-03,+5.0888820291E+00
+294.7200E-06,+46.4840439E-03,+4.9381282590E+00
+295.2400E-06,+46.2956017E-03,+5.0637564007E+00
+295.7600E-06,+47.8860539E-03,+5.1391332857E+00
+296.2800E-06,+46.8760037E-03,+4.8878770024E+00
+296.8000E-06,+46.7629383E-03,+5.1642589141E+00
+297.3200E-06,+46.6121846E-03,+5.0637564007E+00
+297.8400E-06,+46.9513806E-03,+4.8125001173E+00
+298.3600E-06,+47.8408278E-03,+5.0888820291E+00
+298.8800E-06,+44.0945967E-03,+5.0888820291E+00
+299.4000E-06,+46.1146971E-03,+5.0637564007E+00
+299.9200E-06,+46.0694710E-03,+5.1642589141E+00
+300.4400E-06,+46.5594208E-03,+5.0888820291E+00
+300.9600E-06,+45.7604258E-03,+5.0135051440E+00
+301.4800E-06,+48.9488680E-03,+5.0888820291E+00
+302.0000E-06,+47.7805263E-03,+5.0888820291E+00
+302.5200E-06,+48.5795212E-03,+5.0637564007E+00
+303.0400E-06,+45.6247474E-03,+4.9632538874E+00
+303.5600E-06,+45.4815313E-03,+4.9130026307E+00
+304.0800E-06,+47.8559032E-03,+4.9632538874E+00
+304.6000E-06,+48.4513805E-03,+5.0888820291E+00
+305.1200E-06,+47.4337926E-03,+5.0888820291E+00
+305.6400E-06,+47.5619333E-03,+5.0888820291E+00
+306.1600E-06,+46.1222348E-03,+5.0135051440E+00
+306.6800E-06,+44.4262550E-03,+5.0888820291E+00
+307.2000E-06,+48.1423353E-03,+5.1642589141E+00
+307.7200E-06,+44.8257524E-03,+4.9130026307E+00
+308.2400E-06,+46.6046469E-03,+5.0135051440E+00
+308.7600E-06,+45.2252499E-03,+5.0888820291E+00
+309.2800E-06,+46.8835414E-03,+5.0888820291E+00
+309.8000E-06,+47.6749986E-03,+5.1140076574E+00
+310.3200E-06,+47.2905765E-03,+5.0888820291E+00
+310.8400E-06,+46.3257524E-03,+4.8878770024E+00
+311.3600E-06,+44.9915816E-03,+5.0135051440E+00
+311.8800E-06,+45.6021343E-03,+5.0888820291E+00
+312.4000E-06,+46.0091695E-03,+5.0888820291E+00
+312.9200E-06,+46.9966067E-03,+4.8878770024E+00
+313.4400E-06,+47.4413303E-03,+5.0888820291E+00
+313.9600E-06,+46.3935916E-03,+4.8878770024E+00
+314.4800E-06,+45.6775112E-03,+5.0888820291E+00
+315.0000E-06,+46.6498730E-03,+5.0888820291E+00
+315.5200E-06,+46.5971092E-03,+4.8878770024E+00
+316.0400E-06,+47.6222348E-03,+4.8878770024E+00
+316.5600E-06,+46.1749987E-03,+5.2898870558E+00
+317.0800E-06,+46.1976117E-03,+5.0888820291E+00
+317.6000E-06,+46.1071595E-03,+5.2145101707E+00
+318.1200E-06,+45.1574107E-03,+5.0888820291E+00
+318.6400E-06,+47.6297725E-03,+4.9632538874E+00
+319.1600E-06,+49.3408278E-03,+5.0888820291E+00
+319.6800E-06,+48.7528881E-03,+5.2145101707E+00
+320.2000E-06,+48.6021343E-03,+4.8878770024E+00
+320.7200E-06,+46.6197223E-03,+5.0135051440E+00
+321.2400E-06,+47.1398228E-03,+5.0888820291E+00
+321.7600E-06,+47.5543956E-03,+4.8878770024E+00
+322.2800E-06,+47.7880640E-03,+4.9130026307E+00
+322.8000E-06,+46.7177122E-03,+5.0135051440E+00
+323.3200E-06,+46.2805263E-03,+5.0888820291E+00
+323.8400E-06,+48.9564057E-03,+5.0135051440E+00
+324.3600E-06,+45.3383152E-03,+5.1140076574E+00
+324.8800E-06,+46.8835414E-03,+4.9632538874E+00
+325.4000E-06,+46.2503755E-03,+5.2647614274E+00
+325.9200E-06,+44.4488680E-03,+5.1642589141E+00
+326.4400E-06,+44.8483655E-03,+5.0888820291E+00
+326.9600E-06,+44.9463555E-03,+4.8878770024E+00
+327.4800E-06,+48.1197223E-03,+5.0888820291E+00
+328.0000E-06,+47.4488680E-03,+5.0888820291E+00
+328.5200E-06,+44.7277625E-03,+5.0637564007E+00
+329.0400E-06,+45.1121846E-03,+4.9632538874E+00
+329.5600E-06,+45.7001243E-03,+5.0888820291E+00
+330.0800E-06,+45.7227374E-03,+5.0888820291E+00
+330.6000E-06,+47.1925866E-03,+5.2647614274E+00
+331.1200E-06,+46.6800238E-03,+5.0888820291E+00
+331.6400E-06,+47.1548981E-03,+4.8878770024E+00
+332.1600E-06,+47.3131896E-03,+4.9632538874E+00
+332.6800E-06,+47.2227373E-03,+5.2647614274E+00
+333.2000E-06,+48.0368077E-03,+4.8878770024E+00
+333.7200E-06,+46.2956017E-03,+4.7371232323E+00
+334.2400E-06,+45.5418328E-03,+5.0888820291E+00
+334.7600E-06,+46.0242449E-03,+5.0888820291E+00
+335.2800E-06,+46.4388177E-03,+5.0888820291E+00
+335.8000E-06,+47.0945966E-03,+5.0888820291E+00
+336.3200E-06,+47.8935916E-03,+4.8878770024E+00
+336.8400E-06,+47.2001243E-03,+4.9130026307E+00
+337.3600E-06,+46.9212298E-03,+5.2145101707E+00
+337.8800E-06,+45.6925866E-03,+5.0888820291E+00
+338.4000E-06,+46.3634409E-03,+5.0888820291E+00
+338.9200E-06,+47.2981142E-03,+5.0888820291E+00
+339.4400E-06,+46.8157022E-03,+4.9632538874E+00
+339.9600E-06,+45.4815313E-03,+4.8878770024E+00
+340.4800E-06,+46.2956017E-03,+4.9632538874E+00
+341.0000E-06,+44.7654509E-03,+4.8878770024E+00
+341.5200E-06,+47.4262549E-03,+5.1391332857E+00
+342.0400E-06,+50.5694710E-03,+5.2647614274E+00
+342.5600E-06,+46.8458529E-03,+5.0888820291E+00
+343.0800E-06,+49.0468579E-03,+4.9130026307E+00
+343.6000E-06,+48.2704760E-03,+4.9632538874E+00
+344.1200E-06,+45.2101745E-03,+5.1140076574E+00
+344.6400E-06,+47.0795213E-03,+5.2145101707E+00
+345.1600E-06,+45.5945967E-03,+5.0888820291E+00
+345.6800E-06,+46.9513806E-03,+5.0888820291E+00
+346.2000E-06,+45.4136921E-03,+4.9130026307E+00
+346.7200E-06,+47.3734911E-03,+5.0888820291E+00
+347.2400E-06,+49.0694710E-03,+5.4406408258E+00
+347.7600E-06,+45.3684660E-03,+4.9632538874E+00
+348.2800E-06,+45.1950992E-03,+5.0637564007E+00
+348.8000E-06,+46.7101745E-03,+5.0135051440E+00
+349.3200E-06,+45.0443454E-03,+5.0637564007E+00
+349.8400E-06,+46.8835414E-03,+5.0888820291E+00
+350.3600E-06,+46.6875615E-03,+5.1140076574E+00
+350.8800E-06,+46.6121846E-03,+5.0888820291E+00
+351.4000E-06,+48.0669584E-03,+5.2647614274E+00
+351.9200E-06,+46.9739936E-03,+5.0888820291E+00
+352.4400E-06,+44.4413303E-03,+4.8878770024E+00
+352.9600E-06,+46.0242449E-03,+5.0888820291E+00
+353.4800E-06,+45.8885665E-03,+5.0888820291E+00
+354.0000E-06,+47.4564057E-03,+5.0888820291E+00
+354.5200E-06,+47.1247474E-03,+4.9130026307E+00
+355.0400E-06,+46.3709786E-03,+5.0135051440E+00
+355.5600E-06,+45.8734911E-03,+4.8878770024E+00
+356.0800E-06,+45.8131896E-03,+5.0888820291E+00
+356.6000E-06,+47.1096720E-03,+5.0888820291E+00
+357.1200E-06,+46.2428379E-03,+5.0135051440E+00
+357.6400E-06,+45.9564057E-03,+5.0637564007E+00
+358.1600E-06,+46.2729886E-03,+5.0888820291E+00
+358.6800E-06,+46.4312801E-03,+5.0888820291E+00
+359.2000E-06,+47.2453504E-03,+4.9632538874E+00
+359.7200E-06,+46.9363052E-03,+5.0888820291E+00
+360.2400E-06,+45.5569082E-03,+5.0888820291E+00
+360.7600E-06,+45.7981142E-03,+4.8878770024E+00
+361.2800E-06,+45.4664560E-03,+4.9632538874E+00
+361.8000E-06,+45.3986168E-03,+5.0888820291E+00
+362.3200E-06,+47.7729886E-03,+5.0888820291E+00
+362.8400E-06,+47.3207273E-03,+5.0888820291E+00
+363.3600E-06,+47.8332901E-03,+5.0135051440E+00
+363.8800E-06,+48.1724861E-03,+5.0637564007E+00
+364.4000E-06,+45.4136921E-03,+5.0888820291E+00
+364.9200E-06,+46.2729886E-03,+5.0637564007E+00
+365.4400E-06,+46.1523856E-03,+4.9632538874E+00
+365.9600E-06,+45.1875615E-03,+5.0888820291E+00
+366.4800E-06,+46.8458529E-03,+5.1642589141E+00
+367.0000E-06,+48.2327876E-03,+5.0888820291E+00
+367.5200E-06,+49.0016318E-03,+5.0888820291E+00
+368.0400E-06,+47.2001243E-03,+5.1140076574E+00
+368.5600E-06,+48.6548981E-03,+5.0135051440E+00
+369.0800E-06,+44.1021344E-03,+4.9130026307E+00
+369.6000E-06,+45.1574107E-03,+5.1642589141E+00
+370.1200E-06,+44.8257524E-03,+5.0888820291E+00
+370.6400E-06,+48.1423353E-03,+4.8878770024E+00
+371.1600E-06,+47.6900740E-03,+5.0888820291E+00
+371.6800E-06,+47.0569082E-03,+4.9632538874E+00
+372.2000E-06,+48.6096720E-03,+5.0888820291E+00
+372.7200E-06,+45.9639434E-03,+5.0888820291E+00
+373.2400E-06,+45.0518831E-03,+4.9130026307E+00
+373.7600E-06,+46.2126871E-03,+5.0135051440E+00
+374.2800E-06,+46.2805263E-03,+4.9130026307E+00
+374.8000E-06,+46.1749987E-03,+4.9632538874E+00
+375.3200E-06,+47.7579132E-03,+5.0888820291E+00
+375.8400E-06,+47.1850489E-03,+5.0888820291E+00
+376.3600E-06,+47.2981142E-03,+4.8878770024E+00
+376.8800E-06,+47.0192198E-03,+5.0888820291E+00
+377.4000E-06,+47.1850489E-03,+5.2647614274E+00
+377.9200E-06,+46.4086670E-03,+5.0888820291E+00
+378.4400E-06,+45.7076620E-03,+4.9130026307E+00
+378.9600E-06,+46.3106770E-03,+5.0888820291E+00
+379.4800E-06,+47.8709785E-03,+5.0888820291E+00
+380.0000E-06,+46.0091695E-03,+4.9632538874E+00
+380.5200E-06,+45.2101745E-03,+5.2396357991E+00
+381.0400E-06,+46.2353002E-03,+5.2145101707E+00
+381.5600E-06,+47.0644459E-03,+5.0637564007E+00
+382.0800E-06,+47.0493705E-03,+5.0135051440E+00
+382.6000E-06,+48.2252499E-03,+5.2898870558E+00
+383.1200E-06,+45.6925866E-03,+4.8878770024E+00
+383.6400E-06,+46.0016318E-03,+5.0888820291E+00
+384.1600E-06,+47.0267574E-03,+5.0888820291E+00
+384.6800E-06,+45.5342951E-03,+4.9130026307E+00
+385.2000E-06,+47.6674610E-03,+4.8878770024E+00
+385.7200E-06,+49.1976117E-03,+5.0888820291E+00
+386.2400E-06,+46.0845464E-03,+5.1391332857E+00
+386.7600E-06,+46.6875615E-03,+5.0888820291E+00
+387.2800E-06,+45.9714811E-03,+5.0888820291E+00
+387.8000E-06,+44.1548982E-03,+4.9130026307E+00
+388.3200E-06,+45.9337926E-03,+4.8878770024E+00
+388.8400E-06,+44.9915816E-03,+5.0888820291E+00
+389.3600E-06,+46.6800238E-03,+5.0135051440E+00
+389.8800E-06,+47.6599233E-03,+4.8878770024E+00
+390.4000E-06,+46.5066569E-03,+5.0386307724E+00
+390.9200E-06,+49.2353001E-03,+5.1140076574E+00
+391.4400E-06,+46.2729886E-03,+5.0135051440E+00
+391.9600E-06,+44.9237424E-03,+5.1391332857E+00
+392.4800E-06,+45.4664560E-03,+5.0888820291E+00
+393.0000E-06,+44.5317826E-03,+5.0637564007E+00
+393.5200E-06,+47.2076620E-03,+5.0888820291E+00
+394.0400E-06,+48.4287675E-03,+5.1140076574E+00
+394.5600E-06,+47.0719836E-03,+4.8878770024E+00
+395.0800E-06,+44.2528881E-03,+5.1140076574E+00
+395.6000E-06,+45.5192198E-03,+5.0888820291E+00
+396.1200E-06,+46.8232399E-03,+4.8878770024E+00
+396.6400E-06,+47.2453504E-03,+5.0888820291E+00
+397.1600E-06,+46.5217323E-03,+5.0888820291E+00
+397.6800E-06,+47.0267574E-03,+5.0888820291E+00
+398.2000E-06,+46.7930891E-03,+5.0637564007E+00
+398.7200E-06,+45.6775112E-03,+5.2898870558E+00
+399.2400E-06,+47.0870589E-03,+5.0888820291E+00
+399.7600E-06,+46.5594208E-03,+4.8878770024E+00
+400.2800E-06,+46.7327876E-03,+5.0888820291E+00
+400.8000E-06,+46.1825363E-03,+4.8376257457E+00
+401.3200E-06,+45.6699735E-03,+5.0888820291E+00
+401.8400E-06,+45.2855514E-03,+5.1642589141E+00
+402.3600E-06,+46.6423353E-03,+5.0888820291E+00
+402.8800E-06,+46.5971092E-03,+5.0888820291E+00
+403.4000E-06,+46.7101745E-03,+5.2647614274E+00
+403.9200E-06,+46.4011293E-03,+5.1642589141E+00
+404.4400E-06,+47.8031393E-03,+4.9130026307E+00
+404.9600E-06,+47.7805263E-03,+5.0135051440E+00
+405.4800E-06,+45.5945967E-03,+5.0888820291E+00
+406.0000E-06,+45.3684660E-03,+5.0135051440E+00
+406.5200E-06,+43.9966067E-03,+5.2647614274E+00
+407.0400E-06,+46.1448479E-03,+5.0888820291E+00
+407.5600E-06,+47.6749986E-03,+5.0888820291E+00
+408.0800E-06,+48.1875614E-03,+5.0888820291E+00
+408.6000E-06,+49.1146971E-03,+5.0637564007E+00
+409.1200E-06,+46.5669585E-03,+4.8878770024E+00
+409.6400E-06,+47.9312800E-03,+5.2898870558E+00
+410.1600E-06,+44.4714811E-03,+5.0888820291E+00
+410.6800E-06,+45.7151997E-03,+4.9130026307E+00
+411.2000E-06,+47.0719836E-03,+4.9632538874E+00
+411.7200E-06,+44.6976117E-03,+5.2898870558E+00
+412.2400E-06,+48.9111795E-03,+5.0135051440E+00
+412.7600E-06,+47.4262549E-03,+5.0888820291E+00
+413.2800E-06,+45.3835414E-03,+5.0888820291E+00
+413.8000E-06,+48.8810288E-03,+5.0637564007E+00
+414.3200E-06,+47.9086670E-03,+5.1391332857E+00
+414.8400E-06,+45.1423354E-03,+5.0637564007E+00
+415.3600E-06,+45.6096720E-03,+4.9632538874E+00
+415.8800E-06,+44.3584158E-03,+5.2898870558E+00
+416.4000E-06,+44.8106771E-03,+5.0888820291E+00
+416.9200E-06,+47.4262549E-03,+5.2647614274E+00
+417.4400E-06,+45.7679635E-03,+4.8878770024E+00
+417.9600E-06,+48.0443454E-03,+5.2396357991E+00
+418.4800E-06,+45.2629384E-03,+5.0888820291E+00
+419.0000E-06,+44.2679635E-03,+4.9130026307E+00
+419.5200E-06,+46.8081645E-03,+5.1642589141E+00
+420.0400E-06,+46.5443454E-03,+5.0637564007E+00
+420.5600E-06,+46.3408278E-03,+5.0888820291E+00
+421.0800E-06,+46.8081645E-03,+5.2898870558E+00
+421.6000E-06,+46.1976117E-03,+5.2145101707E+00
+422.1200E-06,+46.4915816E-03,+4.9130026307E+00
+422.6400E-06,+46.7026368E-03,+5.0888820291E+00
+423.1600E-06,+46.8760037E-03,+5.2647614274E+00
+423.6800E-06,+46.5518831E-03,+5.0888820291E+00
+424.2000E-06,+46.2428379E-03,+5.0888820291E+00
+424.7200E-06,+46.0694710E-03,+5.0888820291E+00
+425.2400E-06,+45.8885665E-03,+5.0888820291E+00
+425.7600E-06,+46.7855514E-03,+5.0135051440E+00
+426.2800E-06,+45.5267575E-03,+5.2647614274E+00
+426.8000E-06,+45.2177122E-03,+5.0135051440E+00
+427.3200E-06,+49.1146971E-03,+5.2647614274E+00
+427.8400E-06,+45.7453504E-03,+5.0888820291E+00
+428.3600E-06,+44.8257524E-03,+4.9130026307E+00
+428.8800E-06,+45.9564057E-03,+5.0135051440E+00
+429.4000E-06,+47.0116821E-03,+5.2647614274E+00
+429.9200E-06,+47.1322851E-03,+5.0135051440E+00
+430.4400E-06,+46.7026368E-03,+5.0637564007E+00
+430.9600E-06,+49.4765062E-03,+5.1642589141E+00
+431.4800E-06,+48.8131896E-03,+5.0637564007E+00
+432.0000E-06,+45.3609283E-03,+5.0386307724E+00
+432.5200E-06,+44.8709786E-03,+5.0637564007E+00
+433.0400E-06,+46.2353002E-03,+4.9632538874E+00
+433.5600E-06,+44.5619333E-03,+5.0637564007E+00
+434.0800E-06,+46.9739936E-03,+5.0135051440E+00
+434.6000E-06,+46.6875615E-03,+4.9130026307E+00
+435.1200E-06,+44.7202248E-03,+4.9632538874E+00
+435.6400E-06,+45.4061544E-03,+5.0888820291E+00
+436.1600E-06,+45.3307776E-03,+4.9381282590E+00
+436.6800E-06,+45.2026369E-03,+5.0637564007E+00
+437.2000E-06,+48.8659534E-03,+5.0888820291E+00
+437.7200E-06,+45.9036419E-03,+5.0888820291E+00
+438.2400E-06,+47.0342951E-03,+4.9632538874E+00
+438.7600E-06,+45.4664560E-03,+5.2647614274E+00
+439.2800E-06,+45.6775112E-03,+5.0888820291E+00
+439.8000E-06,+46.1071595E-03,+5.0637564007E+00
+440.3200E-06,+47.2076620E-03,+5.0888820291E+00
+440.8400E-06,+44.9011293E-03,+5.0888820291E+00
+441.3600E-06,+45.4966067E-03,+4.9632538874E+00
+441.8800E-06,+45.9639434E-03,+5.0888820291E+00
+442.4000E-06,+47.1548981E-03,+5.0888820291E+00
+442.9200E-06,+45.9187173E-03,+4.8878770024E+00
+443.4400E-06,+47.5393203E-03,+5.2145101707E+00
+443.9600E-06,+46.8006268E-03,+5.0888820291E+00
+444.4800E-06,+46.2353002E-03,+4.9632538874E+00
+445.0000E-06,+47.9991192E-03,+5.0888820291E+00
+445.5200E-06,+46.3935916E-03,+5.0888820291E+00
+446.0400E-06,+45.7453504E-03,+5.0637564007E+00
+446.5600E-06,+46.4915816E-03,+4.9632538874E+00
+447.0800E-06,+46.6046469E-03,+5.0888820291E+00
+447.6000E-06,+44.9915816E-03,+5.0888820291E+00
+448.1200E-06,+48.0217323E-03,+4.9130026307E+00
+448.6400E-06,+47.3282650E-03,+4.9632538874E+00
+449.1600E-06,+47.3734911E-03,+5.0637564007E+00
+449.6800E-06,+45.8659534E-03,+5.0888820291E+00
+450.2000E-06,+44.0719836E-03,+5.0888820291E+00
+450.7200E-06,+45.8584157E-03,+5.0888820291E+00
+451.2400E-06,+46.0770087E-03,+5.0888820291E+00
+451.7600E-06,+47.2453504E-03,+5.2145101707E+00
+452.2800E-06,+43.8684660E-03,+4.9130026307E+00
+452.8000E-06,+48.9940941E-03,+4.9632538874E+00
+453.3200E-06,+47.2151997E-03,+5.2898870558E+00
+453.8400E-06,+46.4538931E-03,+5.0135051440E+00
+454.3600E-06,+47.1548981E-03,+4.8878770024E+00
+454.8800E-06,+44.7051494E-03,+5.0888820291E+00
+455.4000E-06,+46.1749987E-03,+5.0888820291E+00
+455.9200E-06,+47.0795213E-03,+4.9632538874E+00
+456.4400E-06,+48.2629383E-03,+5.0888820291E+00
+456.9600E-06,+46.4689685E-03,+4.9632538874E+00
+457.4800E-06,+47.7579132E-03,+4.9130026307E+00
+458.0000E-06,+47.4790187E-03,+5.0888820291E+00
+458.5200E-06,+45.0141946E-03,+5.0888820291E+00
+459.0400E-06,+46.7177122E-03,+5.0888820291E+00
+459.5600E-06,+45.1498730E-03,+5.0888820291E+00
+460.0800E-06,+45.8734911E-03,+5.0888820291E+00
+460.6000E-06,+45.6473605E-03,+5.0888820291E+00
+461.1200E-06,+46.6423353E-03,+5.2145101707E+00
+461.6400E-06,+47.7353001E-03,+5.1140076574E+00
+462.1600E-06,+47.7654509E-03,+5.0135051440E+00
+462.6800E-06,+47.4111795E-03,+5.0888820291E+00
+463.2000E-06,+47.2528881E-03,+5.1642589141E+00
+463.7200E-06,+46.3106770E-03,+4.8878770024E+00
+464.2400E-06,+46.3106770E-03,+5.0888820291E+00
+464.7600E-06,+46.8533906E-03,+5.0637564007E+00
+465.2800E-06,+46.8006268E-03,+4.9632538874E+00
+465.8000E-06,+48.3081645E-03,+5.0888820291E+00
+466.3200E-06,+47.3207273E-03,+5.0888820291E+00
+466.8400E-06,+47.3207273E-03,+5.1140076574E+00
+467.3600E-06,+46.0920841E-03,+5.0135051440E+00
+467.8800E-06,+48.4136921E-03,+5.2898870558E+00
+468.4000E-06,+46.8006268E-03,+5.0888820291E+00
+468.9200E-06,+45.1498730E-03,+4.8878770024E+00
+469.4400E-06,+46.5971092E-03,+5.0888820291E+00
+469.9600E-06,+45.3081645E-03,+4.9130026307E+00
+470.4800E-06,+48.3157022E-03,+5.2145101707E+00
+471.0000E-06,+48.4438429E-03,+5.0888820291E+00
+471.5200E-06,+47.2604258E-03,+5.1642589141E+00
+472.0400E-06,+44.7202248E-03,+4.9130026307E+00
+472.5600E-06,+46.1976117E-03,+5.0888820291E+00
+473.0800E-06,+48.1272599E-03,+5.0888820291E+00
+473.6000E-06,+45.3533906E-03,+4.9632538874E+00
+474.1200E-06,+44.6146972E-03,+5.0637564007E+00
+474.6400E-06,+45.7679635E-03,+5.0888820291E+00
+475.1600E-06,+45.0217323E-03,+4.9130026307E+00
+475.6800E-06,+45.8734911E-03,+5.0135051440E+00
+476.2000E-06,+48.5493705E-03,+5.2898870558E+00
+476.7200E-06,+46.5292700E-03,+4.8878770024E+00
+477.2400E-06,+46.7327876E-03,+5.0637564007E+00
+477.7600E-06,+47.2755012E-03,+5.0888820291E+00
+478.2800E-06,+45.7151997E-03,+5.2647614274E+00
+478.8000E-06,+47.3131896E-03,+5.0135051440E+00
+479.3200E-06,+46.9287675E-03,+5.1140076574E+00
+479.8400E-06,+45.3910791E-03,+4.8125001173E+00
+480.3600E-06,+45.4287675E-03,+4.9130026307E+00
+480.8800E-06,+46.4463554E-03,+5.2396357991E+00
+481.4000E-06,+48.0971092E-03,+5.0888820291E+00
+481.9200E-06,+47.5619333E-03,+4.9632538874E+00
+482.4400E-06,+47.1322851E-03,+5.1140076574E+00
+482.9600E-06,+46.4765062E-03,+5.0888820291E+00
+483.4800E-06,+46.8383152E-03,+4.9130026307E+00
+484.0000E-06,+46.6498730E-03,+5.0386307724E+00
+484.5200E-06,+47.1172097E-03,+5.0888820291E+00
+485.0400E-06,+46.2503755E-03,+5.0135051440E+00
+485.5600E-06,+46.3031394E-03,+5.0637564007E+00
+486.0800E-06,+47.2378127E-03,+5.0888820291E+00
+486.6000E-06,+46.2428379E-03,+4.8878770024E+00
+487.1200E-06,+47.0644459E-03,+4.9632538874E+00
+487.6400E-06,+46.7327876E-03,+5.0888820291E+00
+488.1600E-06,+46.4388177E-03,+4.9632538874E+00
+488.6800E-06,+47.8483655E-03,+5.0888820291E+00
+489.2000E-06,+46.0619333E-03,+5.0888820291E+00
+489.7200E-06,+47.6599233E-03,+4.9130026307E+00
+490.2400E-06,+46.8986167E-03,+5.2898870558E+00
+490.7600E-06,+45.6850489E-03,+5.1140076574E+00
+491.2800E-06,+46.9287675E-03,+5.1642589141E+00
+491.8000E-06,+47.4790187E-03,+4.9130026307E+00
+492.3200E-06,+47.1850489E-03,+5.2145101707E+00
+492.8400E-06,+45.6775112E-03,+5.0888820291E+00
+493.3600E-06,+48.1121846E-03,+5.0888820291E+00
+493.8800E-06,+45.6322851E-03,+5.1140076574E+00
+494.4000E-06,+45.7076620E-03,+4.9632538874E+00
+494.9200E-06,+44.1473605E-03,+4.8878770024E+00
+495.4400E-06,+47.3961042E-03,+5.0888820291E+00
+495.9600E-06,+47.5242449E-03,+5.0637564007E+00
+496.4800E-06,+47.1624358E-03,+5.0135051440E+00
+497.0000E-06,+48.1046469E-03,+5.2898870558E+00
+497.5200E-06,+49.1900740E-03,+5.0888820291E+00
+498.0400E-06,+45.2403253E-03,+5.0637564007E+00
+498.5600E-06,+46.8760037E-03,+5.0888820291E+00
+499.0800E-06,+45.3760037E-03,+5.0888820291E+00
+499.6000E-06,+47.5016318E-03,+4.8878770024E+00
+500.1200E-06,+44.8031394E-03,+5.2647614274E+00
+500.6400E-06,+47.7880640E-03,+5.0135051440E+00
+501.1600E-06,+48.3910790E-03,+5.0888820291E+00
+501.6800E-06,+48.0217323E-03,+5.0888820291E+00
+502.2000E-06,+47.5242449E-03,+5.0888820291E+00
+502.7200E-06,+45.6322851E-03,+4.9632538874E+00
+503.2400E-06,+46.2880640E-03,+5.2898870558E+00
+503.7600E-06,+47.7729886E-03,+5.0888820291E+00
+504.2800E-06,+45.8508781E-03,+5.0637564007E+00
+504.8000E-06,+47.0041444E-03,+5.0888820291E+00
+505.3200E-06,+47.2528881E-03,+4.9130026307E+00
+505.8400E-06,+45.8885665E-03,+4.9632538874E+00
+506.3600E-06,+46.6197223E-03,+4.8878770024E+00
+506.8800E-06,+46.8458529E-03,+5.0888820291E+00
+507.4000E-06,+47.5468579E-03,+5.0637564007E+00
+507.9200E-06,+46.6724861E-03,+5.0888820291E+00
+508.4400E-06,+46.1523856E-03,+5.0888820291E+00
+508.9600E-06,+46.0317826E-03,+4.8125001174E+00
+509.4800E-06,+46.0091695E-03,+4.9130026307E+00
+510.0000E-06,+48.1347976E-03,+5.0888820291E+00
+510.5200E-06,+47.4639434E-03,+5.0888820291E+00
+511.0400E-06,+47.6825363E-03,+5.1642589141E+00
+511.5600E-06,+46.3332901E-03,+5.2898870558E+00
+512.0800E-06,+45.3383152E-03,+5.0888820291E+00
+512.6000E-06,+48.1121846E-03,+5.0888820291E+00
+513.1200E-06,+45.8358027E-03,+5.1642589141E+00
+513.6400E-06,+45.8810288E-03,+4.9130026307E+00
+514.1600E-06,+45.7453504E-03,+5.0888820291E+00
+514.6800E-06,+44.3584158E-03,+5.1140076574E+00
+515.2000E-06,+45.2780137E-03,+5.0135051441E+00
+515.7200E-06,+47.7729886E-03,+5.0637564007E+00
+516.2400E-06,+48.7604258E-03,+4.8878770024E+00
+516.7600E-06,+46.3332901E-03,+5.0888820291E+00
+517.2800E-06,+48.7378127E-03,+5.0888820291E+00
+517.8000E-06,+44.9689685E-03,+5.1140076574E+00
+518.3200E-06,+46.3031394E-03,+5.2898870558E+00
+518.8400E-06,+46.8383152E-03,+5.0888820291E+00
+519.3600E-06,+48.3986167E-03,+5.1391332858E+00
+519.8800E-06,+49.6649484E-03,+5.0888820291E+00
+520.4000E-06,+46.5518831E-03,+5.0135051441E+00
+520.9200E-06,+44.7353002E-03,+5.0888820291E+00
+521.4400E-06,+45.3307776E-03,+5.1642589140E+00
+521.9600E-06,+45.2177122E-03,+5.0888820291E+00
+522.4800E-06,+46.7554007E-03,+5.0888820291E+00
+523.0000E-06,+48.0292700E-03,+5.2647614274E+00
+523.5200E-06,+46.8684660E-03,+5.0135051441E+00
+524.0400E-06,+47.2830388E-03,+4.9130026307E+00
+524.5600E-06,+46.1071595E-03,+5.0888820291E+00
+525.0800E-06,+48.4739936E-03,+5.0637564007E+00
+525.6000E-06,+46.4312801E-03,+5.0888820291E+00
+526.1200E-06,+46.5443454E-03,+5.2898870558E+00
+526.6400E-06,+47.0041444E-03,+5.0888820291E+00
+527.1600E-06,+46.8081645E-03,+4.8878770024E+00
+527.6800E-06,+46.9513806E-03,+5.0888820291E+00
+528.2000E-06,+47.9463554E-03,+5.0637564007E+00
+528.7200E-06,+47.1322851E-03,+5.0135051441E+00
+529.2400E-06,+45.3307776E-03,+5.2898870558E+00
+529.7600E-06,+45.9564057E-03,+5.0888820291E+00
+530.2800E-06,+46.3785162E-03,+4.9130026307E+00
+530.8000E-06,+47.2076620E-03,+5.0888820291E+00
+531.3200E-06,+46.5971092E-03,+5.0888820291E+00
+531.8400E-06,+45.7679635E-03,+5.0386307723E+00
+532.3600E-06,+44.5770087E-03,+5.0888820291E+00
+532.8800E-06,+46.4915816E-03,+5.0888820291E+00
+533.4000E-06,+48.4664559E-03,+4.9130026307E+00
+533.9200E-06,+46.3332901E-03,+5.2898870558E+00
+534.4400E-06,+47.5091695E-03,+5.2647614274E+00
+534.9600E-06,+45.2629384E-03,+5.0888820291E+00
+535.4800E-06,+45.5870590E-03,+5.2647614274E+00
+536.0000E-06,+49.3785162E-03,+5.0888820291E+00
+536.5200E-06,+47.7428378E-03,+4.9130026307E+00
+537.0400E-06,+46.6724861E-03,+5.0888820291E+00
+537.5600E-06,+47.0945966E-03,+4.9130026307E+00
+538.0800E-06,+45.5945967E-03,+4.8878770024E+00
+538.6000E-06,+49.6423353E-03,+5.0888820291E+00
+539.1200E-06,+45.5795213E-03,+5.0888820291E+00
+539.6400E-06,+47.7202248E-03,+4.9130026307E+00
+540.1600E-06,+47.1775112E-03,+4.9632538873E+00
+540.6800E-06,+45.1046469E-03,+5.1140076574E+00
+541.2000E-06,+46.5669585E-03,+5.0888820291E+00
+541.7200E-06,+46.2503755E-03,+5.0637564007E+00
+542.2400E-06,+45.5569082E-03,+5.2898870558E+00
+542.7600E-06,+49.4689685E-03,+5.0888820291E+00
+543.2800E-06,+46.3031394E-03,+5.0888820291E+00
+543.8000E-06,+47.2227373E-03,+5.2647614274E+00
+544.3200E-06,+47.4187172E-03,+5.0888820291E+00
+544.8400E-06,+44.9463555E-03,+4.7119976041E+00
+545.3600E-06,+47.0719836E-03,+5.0888820291E+00
+545.8800E-06,+47.9991192E-03,+4.9130026307E+00
+546.4000E-06,+46.0242449E-03,+4.9632538873E+00
+546.9200E-06,+47.2302750E-03,+5.2647614274E+00
+547.4400E-06,+46.0091695E-03,+5.2145101708E+00
+547.9600E-06,+45.9790188E-03,+5.0386307723E+00
+548.4800E-06,+46.7026368E-03,+5.0888820291E+00
+549.0000E-06,+46.9061544E-03,+5.0637564007E+00
+549.5200E-06,+46.4237424E-03,+4.7622488606E+00
+550.0400E-06,+45.3232399E-03,+5.0888820291E+00
+550.5600E-06,+45.8810288E-03,+4.8878770024E+00
+551.0800E-06,+46.3257524E-03,+5.0637564007E+00
+551.6000E-06,+46.8986167E-03,+4.9632538873E+00
+552.1200E-06,+47.4940941E-03,+5.0888820291E+00
+552.6400E-06,+46.1674610E-03,+5.0888820291E+00
+553.1600E-06,+45.1423354E-03,+5.2647614274E+00
+553.6800E-06,+46.0770087E-03,+5.2898870558E+00
+554.2000E-06,+46.3785162E-03,+5.0888820291E+00
+554.7200E-06,+46.0393203E-03,+5.0888820291E+00
+555.2400E-06,+45.0292700E-03,+5.0888820291E+00
+555.7600E-06,+47.1925866E-03,+5.0888820291E+00
+556.2800E-06,+47.4714811E-03,+5.0888820291E+00
+556.8000E-06,+48.2629383E-03,+5.1642589140E+00
+557.3200E-06,+49.5368077E-03,+4.8878770024E+00
+557.8400E-06,+44.6373102E-03,+5.1391332859E+00
+558.3600E-06,+44.2604258E-03,+5.0888820291E+00
+558.8800E-06,+45.7378127E-03,+5.0888820291E+00
+559.4000E-06,+47.4262549E-03,+4.8878770024E+00
+559.9200E-06,+48.2026368E-03,+5.2145101708E+00
+560.4400E-06,+47.8106770E-03,+5.0888820291E+00
+560.9600E-06,+46.8383152E-03,+4.8878770024E+00
+561.4800E-06,+45.9262549E-03,+5.2647614273E+00
+562.0000E-06,+46.1825363E-03,+5.2145101708E+00
+562.5200E-06,+44.9915816E-03,+5.0637564006E+00
+563.0400E-06,+48.2780137E-03,+5.2898870558E+00
+563.5600E-06,+43.4614308E-03,+5.0637564006E+00
+564.0800E-06,+44.6146972E-03,+4.8125001174E+00
+564.6000E-06,+48.5192197E-03,+5.0888820291E+00
+565.1200E-06,+47.6373102E-03,+5.0888820291E+00
+565.6400E-06,+45.2554007E-03,+5.0888820291E+00
+566.1600E-06,+46.4991193E-03,+4.9632538873E+00
+566.6800E-06,+46.5820338E-03,+5.0888820291E+00
+567.2000E-06,+46.9212298E-03,+4.8878770024E+00
+567.7200E-06,+46.6875615E-03,+5.0888820291E+00
+568.2400E-06,+46.7478630E-03,+5.2145101708E+00
+568.7600E-06,+47.6297725E-03,+4.9130026308E+00
+569.2800E-06,+45.6850489E-03,+4.9632538873E+00
+569.8000E-06,+46.0091695E-03,+5.0888820291E+00
+570.3200E-06,+46.1448479E-03,+4.8878770024E+00
+570.8400E-06,+47.6976117E-03,+5.0637564006E+00
+571.3600E-06,+47.3207273E-03,+5.1642589140E+00
+571.8800E-06,+47.4262549E-03,+5.0888820291E+00
+572.4000E-06,+46.8609283E-03,+5.0888820291E+00
+572.9200E-06,+47.8106770E-03,+5.0888820291E+00
+573.4400E-06,+47.2981142E-03,+5.0888820291E+00
+573.9600E-06,+47.3207273E-03,+4.8878770024E+00
+574.4800E-06,+46.2880640E-03,+5.0888820291E+00
+575.0000E-06,+48.2252499E-03,+5.0888820291E+00
+575.5200E-06,+46.1448479E-03,+4.8878770024E+00
+576.0400E-06,+45.5342951E-03,+5.0888820291E+00
+576.5600E-06,+46.7101745E-03,+5.1391332859E+00
+577.0800E-06,+47.3885665E-03,+4.9130026308E+00
+577.6000E-06,+47.8559032E-03,+5.1642589140E+00
+578.1200E-06,+46.7026368E-03,+5.1140076575E+00
+578.6400E-06,+44.3207273E-03,+5.0135051441E+00
+579.1600E-06,+46.6197223E-03,+5.0888820291E+00
+579.6800E-06,+46.6574107E-03,+5.0888820291E+00
+580.2000E-06,+45.1498730E-03,+4.9130026308E+00
+580.7200E-06,+46.1297725E-03,+5.1391332859E+00
+581.2400E-06,+48.8810288E-03,+5.2396357989E+00
+581.7600E-06,+45.6398228E-03,+5.0888820291E+00
+582.2800E-06,+48.8810288E-03,+5.1140076575E+00
+582.8000E-06,+49.6574107E-03,+5.0888820291E+00
+583.3200E-06,+45.5041444E-03,+5.0637564006E+00
+583.8400E-06,+46.9363052E-03,+5.0888820291E+00
+584.3600E-06,+44.5468580E-03,+5.2898870558E+00
+584.8800E-06,+44.9915816E-03,+4.9632538873E+00
+585.4000E-06,+45.1423354E-03,+5.0637564006E+00
+585.9200E-06,+47.9991192E-03,+4.9632538873E+00
+586.4400E-06,+46.7403253E-03,+5.0888820291E+00
+586.9600E-06,+44.9840439E-03,+5.0135051442E+00
+587.4800E-06,+47.3056519E-03,+5.2647614273E+00
+588.0000E-06,+46.1825363E-03,+4.9632538873E+00
+588.5200E-06,+46.1297725E-03,+5.0888820291E+00
+589.0400E-06,+45.6925866E-03,+5.0888820291E+00
+589.5600E-06,+45.6322851E-03,+5.0637564006E+00
+590.0800E-06,+46.6950992E-03,+4.8878770024E+00
+590.6000E-06,+45.7378127E-03,+5.0888820291E+00
+591.1200E-06,+46.1523856E-03,+5.0888820291E+00
+591.6400E-06,+46.1448479E-03,+5.0637564006E+00
+592.1600E-06,+46.9815313E-03,+4.9632538873E+00
+592.6800E-06,+46.8232399E-03,+5.2647614273E+00
+593.2000E-06,+46.4312801E-03,+5.0135051442E+00
+593.7200E-06,+46.0468580E-03,+5.0888820291E+00
+594.2400E-06,+47.4262549E-03,+5.0888820291E+00
+594.7600E-06,+46.8081645E-03,+5.0637564006E+00
+595.2800E-06,+46.8835414E-03,+5.0386307721E+00
+595.8000E-06,+46.0016318E-03,+5.2898870558E+00
+596.3200E-06,+47.3659534E-03,+4.9632538873E+00
+596.8400E-06,+45.9337926E-03,+5.0888820291E+00
+597.3600E-06,+46.0167072E-03,+5.1642589139E+00
+597.8800E-06,+45.6322851E-03,+5.0888820291E+00
+598.4000E-06,+45.7151997E-03,+5.0888820291E+00
+598.9200E-06,+45.9337926E-03,+5.0888820291E+00
+599.4400E-06,+45.6096720E-03,+5.0135051442E+00
+599.9600E-06,+46.7478630E-03,+5.0888820291E+00
+600.4800E-06,+48.1574107E-03,+5.2898870558E+00
+601.0000E-06,+49.1900740E-03,+5.0888820291E+00
+601.5200E-06,+46.6347976E-03,+4.9632538872E+00
+602.0400E-06,+44.7579132E-03,+5.0637564006E+00
+602.5600E-06,+46.0393203E-03,+5.0135051442E+00
+603.0800E-06,+47.4940941E-03,+4.9130026308E+00
+603.6000E-06,+48.5041444E-03,+5.1642589139E+00
+604.1200E-06,+47.8483655E-03,+5.0888820291E+00
+604.6400E-06,+47.0041444E-03,+5.0386307721E+00
+605.1600E-06,+47.7729886E-03,+5.2898870558E+00
+605.6800E-06,+46.2729886E-03,+5.0135051442E+00
+606.2000E-06,+44.7353002E-03,+5.0386307721E+00
+606.7200E-06,+47.1322851E-03,+4.8878770024E+00
+607.2400E-06,+44.7051494E-03,+5.0637564006E+00
+607.7600E-06,+46.5443454E-03,+5.0135051442E+00
+608.2800E-06,+43.7930891E-03,+5.0637564006E+00
+608.8000E-06,+46.0091695E-03,+4.9632538872E+00
+609.3200E-06,+47.9538931E-03,+5.0637564006E+00
+609.8400E-06,+45.1272600E-03,+5.0888820291E+00
+610.3600E-06,+45.1423354E-03,+5.0637564006E+00
+610.8800E-06,+47.0719836E-03,+4.7622488605E+00
+611.4000E-06,+46.9739936E-03,+5.2647614273E+00
+611.9200E-06,+47.9614308E-03,+5.0888820291E+00
+612.4400E-06,+46.8232399E-03,+5.0386307721E+00
+612.9600E-06,+47.0493705E-03,+4.9632538872E+00
+613.4800E-06,+46.7780137E-03,+4.9130026308E+00
+614.0000E-06,+46.6724861E-03,+5.0135051442E+00
+614.5200E-06,+46.7629383E-03,+5.2898870558E+00
+615.0400E-06,+46.8006268E-03,+5.1642589139E+00
+615.5600E-06,+46.1373102E-03,+4.8878770024E+00
+616.0800E-06,+46.1071595E-03,+5.0888820291E+00
+616.6000E-06,+45.5719836E-03,+5.1140076575E+00
+617.1200E-06,+45.8810288E-03,+5.0135051442E+00
+617.6400E-06,+46.5443454E-03,+5.0888820291E+00
+618.1600E-06,+47.3433404E-03,+4.9632538872E+00
+618.6800E-06,+48.4438429E-03,+5.0888820291E+00
+619.2000E-06,+47.3734911E-03,+4.9632538872E+00
+619.7200E-06,+49.8835413E-03,+4.9130026308E+00
+620.2400E-06,+47.1096720E-03,+4.9632538872E+00
+620.7600E-06,+46.1222348E-03,+5.0888820291E+00
+621.2800E-06,+48.1423353E-03,+5.0888820291E+00
+621.8000E-06,+45.2780137E-03,+4.9130026308E+00
+622.3200E-06,+46.8760037E-03,+5.0135051442E+00
+622.8400E-06,+49.7704760E-03,+4.9130026308E+00
+623.3600E-06,+47.2001243E-03,+5.0888820291E+00
+623.8800E-06,+48.7905765E-03,+5.0888820291E+00
+624.4000E-06,+47.0342951E-03,+5.0888820291E+00
+624.9200E-06,+47.0342951E-03,+5.1140076575E+00
+625.4400E-06,+46.5895715E-03,+5.0888820291E+00
+625.9600E-06,+49.1599232E-03,+5.0888820291E+00
+626.4800E-06,+47.2151997E-03,+4.9632538872E+00
+627.0000E-06,+48.7076619E-03,+4.9130026309E+00
+627.5200E-06,+48.8961042E-03,+4.9632538872E+00
+628.0400E-06,+44.3282650E-03,+5.0888820291E+00
+628.5600E-06,+46.3785162E-03,+4.8878770024E+00
+629.0800E-06,+47.5619333E-03,+5.0888820291E+00
+629.6000E-06,+49.3483655E-03,+5.1642589139E+00
+630.1200E-06,+45.2403253E-03,+4.8878770024E+00
+630.6400E-06,+45.5870590E-03,+5.1642589139E+00
+631.1600E-06,+47.3734911E-03,+5.0637564006E+00
+631.6800E-06,+49.1071594E-03,+5.0135051442E+00
+632.2000E-06,+47.9840439E-03,+4.9130026309E+00
+632.7200E-06,+45.4664559E-03,+5.0888820291E+00
+633.2400E-06,+45.1574107E-03,+5.0888820291E+00
+633.7600E-06,+48.5418328E-03,+4.9632538872E+00
+634.2800E-06,+46.8383152E-03,+5.1140076576E+00
+634.8000E-06,+47.6900740E-03,+5.0888820291E+00
+635.3200E-06,+47.2227373E-03,+5.0888820291E+00
+635.8400E-06,+47.0342951E-03,+5.1391332861E+00
+636.3600E-06,+47.1247474E-03,+5.0888820291E+00
+636.8800E-06,+46.5971092E-03,+5.0888820291E+00
+637.4000E-06,+47.1548981E-03,+5.2898870558E+00
+637.9200E-06,+47.0192198E-03,+4.8878770024E+00
+638.4400E-06,+47.3659534E-03,+4.8878770024E+00
+638.9600E-06,+46.5443454E-03,+5.0888820291E+00
+639.4800E-06,+46.0845464E-03,+5.2647614272E+00
+640.0000E-06,+47.3659534E-03,+4.8878770024E+00
+640.5200E-06,+47.8935916E-03,+5.1140076576E+00
+641.0400E-06,+46.7855514E-03,+4.8878770024E+00
+641.5600E-06,+46.8533906E-03,+4.9130026309E+00
+642.0800E-06,+47.3282650E-03,+5.1642589139E+00
+642.6000E-06,+47.3734911E-03,+4.9381282594E+00
+643.1200E-06,+49.0091695E-03,+5.0888820291E+00
+643.6400E-06,+46.8533906E-03,+5.0888820291E+00
+644.1600E-06,+46.4237424E-03,+5.0888820291E+00
+644.6800E-06,+47.7428378E-03,+4.8878770024E+00
+645.2000E-06,+44.9463555E-03,+5.0888820291E+00
+645.7200E-06,+46.0619333E-03,+5.0888820291E+00
+646.2400E-06,+45.7604258E-03,+4.7622488605E+00
+646.7600E-06,+50.0644459E-03,+5.2396357987E+00
+647.2800E-06,+45.7378127E-03,+4.9632538872E+00
+647.8000E-06,+45.6775112E-03,+5.0637564005E+00
+648.3200E-06,+47.9388177E-03,+5.0888820291E+00
+648.8400E-06,+48.4287675E-03,+5.0888820291E+00
+649.3600E-06,+47.9840439E-03,+4.8878770024E+00
+649.8800E-06,+46.5594208E-03,+4.8878770024E+00
+650.4000E-06,+46.5820338E-03,+5.0888820291E+00
+650.9200E-06,+45.0368077E-03,+5.0888820291E+00
+651.4400E-06,+46.8157022E-03,+4.8878770024E+00
+651.9600E-06,+45.8056519E-03,+5.1140076576E+00
+652.4800E-06,+47.8182147E-03,+5.0135051442E+00
+653.0000E-06,+47.6146971E-03,+4.9130026309E+00
+653.5200E-06,+48.7604258E-03,+5.0888820291E+00
+654.0400E-06,+48.1875614E-03,+4.8878770024E+00
+654.5600E-06,+48.1197223E-03,+5.2145101709E+00
+655.0800E-06,+47.3659534E-03,+5.0888820291E+00
+655.6000E-06,+45.3684660E-03,+5.0888820291E+00
+656.1200E-06,+45.9413303E-03,+4.8878770024E+00
+656.6400E-06,+46.8910791E-03,+5.0888820291E+00
+657.1600E-06,+48.3835413E-03,+5.0888820291E+00
+657.6800E-06,+47.4790187E-03,+5.0888820291E+00
+658.2000E-06,+46.7629383E-03,+5.0888820291E+00
+658.7200E-06,+46.6724861E-03,+5.0135051442E+00
+659.2400E-06,+47.6825363E-03,+4.9130026309E+00
+659.7600E-06,+46.9815313E-03,+5.1391332861E+00
+660.2800E-06,+47.9162047E-03,+5.0888820291E+00
+660.8000E-06,+46.1373102E-03,+4.8878770024E+00
+661.3200E-06,+45.8282650E-03,+5.0637564005E+00
+661.8400E-06,+45.8358027E-03,+5.0135051442E+00
+662.3600E-06,+45.1423354E-03,+4.8878770024E+00
+662.8800E-06,+47.2830388E-03,+4.8878770024E+00
+663.4000E-06,+48.9111795E-03,+5.0888820291E+00
+663.9200E-06,+45.6096720E-03,+4.9632538872E+00
+664.4400E-06,+45.2026369E-03,+4.9130026309E+00
+664.9600E-06,+45.8207273E-03,+5.0888820291E+00
+665.4800E-06,+45.6398228E-03,+5.0888820291E+00
+666.0000E-06,+48.3458529E-03,+5.0135051443E+00
+666.5200E-06,+46.4765062E-03,+5.0637564005E+00
+667.0400E-06,+49.2956016E-03,+5.0888820291E+00
+667.5600E-06,+49.0242449E-03,+4.9130026309E+00
+668.0800E-06,+46.2956017E-03,+5.2145101710E+00
+668.6000E-06,+47.6146971E-03,+5.0888820291E+00
+669.1200E-06,+45.3157022E-03,+5.2145101710E+00
+669.6400E-06,+45.1498730E-03,+5.0888820291E+00
+670.1600E-06,+47.6749986E-03,+5.0888820291E+00
+670.6800E-06,+46.5292700E-03,+5.0888820291E+00
+671.2000E-06,+48.1875615E-03,+5.0888820291E+00
+671.7200E-06,+48.2327876E-03,+5.0888820291E+00
+672.2400E-06,+46.3559032E-03,+5.2145101710E+00
+672.7600E-06,+44.1473605E-03,+5.0637564005E+00
+673.2800E-06,+45.7679635E-03,+5.0888820291E+00
+673.8000E-06,+46.7780137E-03,+5.0888820291E+00
+674.3200E-06,+46.9136921E-03,+5.2145101710E+00
+674.8400E-06,+47.9614308E-03,+5.2396357986E+00
+675.3600E-06,+47.2302750E-03,+5.2145101710E+00
+675.8800E-06,+48.3081645E-03,+5.0888820291E+00
+676.4000E-06,+47.4564057E-03,+5.1391332862E+00
+676.9200E-06,+48.4287675E-03,+5.0888820291E+00
+677.4400E-06,+48.4287675E-03,+5.0888820291E+00
+677.9600E-06,+46.7554007E-03,+5.2898870558E+00
+678.4800E-06,+46.0091695E-03,+5.2145101710E+00
+679.0000E-06,+46.6046469E-03,+5.0888820291E+00
+679.5200E-06,+47.8257524E-03,+5.0888820291E+00
+680.0400E-06,+47.6146971E-03,+5.2647614272E+00
+680.5600E-06,+47.1850489E-03,+4.8878770024E+00
+681.0800E-06,+47.9840439E-03,+5.2647614272E+00
+681.6000E-06,+45.7755012E-03,+5.2145101710E+00
+682.1200E-06,+46.4765062E-03,+5.0888820291E+00
+682.6400E-06,+47.0267574E-03,+4.9632538871E+00
+683.1600E-06,+47.1398228E-03,+5.0888820291E+00
+683.6800E-06,+45.4890690E-03,+4.8878770024E+00
+684.2000E-06,+46.9061544E-03,+5.0888820291E+00
+684.7200E-06,+47.5694710E-03,+5.0888820291E+00
+685.2400E-06,+47.6071594E-03,+4.8878770024E+00
+685.7600E-06,+45.4136921E-03,+5.1642589138E+00
+686.2800E-06,+48.6398227E-03,+4.9130026309E+00
+686.8000E-06,+47.3131896E-03,+5.0135051443E+00
+687.3200E-06,+46.9212298E-03,+5.0888820291E+00
+687.8400E-06,+47.5543956E-03,+5.0888820291E+00
+688.3600E-06,+47.5317826E-03,+5.0637564005E+00
+688.8800E-06,+47.1699735E-03,+5.2145101710E+00
+689.4000E-06,+49.7403253E-03,+5.1140076576E+00
+689.9200E-06,+47.8559032E-03,+5.0135051443E+00
+690.4400E-06,+48.7981142E-03,+5.0888820291E+00
+690.9600E-06,+46.9136921E-03,+5.2145101710E+00
+691.4800E-06,+45.6548982E-03,+4.9130026309E+00
+692.0000E-06,+43.8986168E-03,+5.0888820291E+00
+692.5200E-06,+45.4438429E-03,+5.0888820291E+00
+693.0400E-06,+47.4262549E-03,+5.0888820291E+00
+693.5600E-06,+47.7503755E-03,+5.0888820291E+00
+694.0800E-06,+46.1523856E-03,+5.2145101710E+00
+694.6000E-06,+47.1172097E-03,+5.0637564005E+00
+695.1200E-06,+47.2001243E-03,+5.0888820291E+00
+695.6400E-06,+47.1172097E-03,+5.0888820291E+00
+696.1600E-06,+46.5141946E-03,+4.9632538871E+00
+696.6800E-06,+45.8885665E-03,+4.9130026309E+00
+697.2000E-06,+46.9136921E-03,+5.0888820291E+00
+697.7200E-06,+47.4865564E-03,+5.1140076576E+00
+698.2400E-06,+46.8307775E-03,+5.0888820291E+00
+698.7600E-06,+46.5669584E-03,+4.9130026309E+00
+699.2800E-06,+47.3433404E-03,+5.0888820291E+00
+699.8000E-06,+47.4036419E-03,+4.8878770024E+00
+700.3200E-06,+47.0795213E-03,+5.0888820291E+00
+700.8400E-06,+46.3408278E-03,+5.0888820291E+00
+701.3600E-06,+45.2403253E-03,+5.0888820291E+00
+701.8800E-06,+45.3760037E-03,+5.2647614272E+00
+702.4000E-06,+46.4538931E-03,+5.1642589138E+00
+702.9200E-06,+47.0870589E-03,+4.8878770024E+00
+703.4400E-06,+46.9363052E-03,+5.1642589138E+00
+703.9600E-06,+46.2956017E-03,+5.2396357986E+00
+704.4800E-06,+45.9413303E-03,+4.8878770024E+00
+705.0000E-06,+46.3483655E-03,+5.0888820291E+00
+705.5200E-06,+46.1071595E-03,+5.1391332862E+00
+706.0400E-06,+46.7478630E-03,+4.8878770024E+00
+706.5600E-06,+46.2202248E-03,+5.0888820291E+00
+707.0800E-06,+46.7478630E-03,+5.1140076577E+00
+707.6000E-06,+44.8709786E-03,+5.0888820291E+00
+708.1200E-06,+47.4564057E-03,+5.0888820291E+00
+708.6400E-06,+46.3709785E-03,+5.0135051443E+00
+709.1600E-06,+45.1724861E-03,+4.9130026310E+00
+709.6800E-06,+47.5016318E-03,+5.0135051443E+00
+710.2000E-06,+45.8282650E-03,+5.2898870558E+00
+710.7200E-06,+46.2353002E-03,+4.9632538871E+00
+711.2400E-06,+44.1398228E-03,+4.8878770024E+00
+711.7600E-06,+45.7151997E-03,+4.9632538871E+00
+712.2800E-06,+48.7528881E-03,+5.0637564005E+00
+712.8000E-06,+44.8785163E-03,+5.2145101710E+00
+713.3200E-06,+45.0518831E-03,+5.0637564005E+00
+713.8400E-06,+45.9564057E-03,+5.0888820291E+00
+714.3600E-06,+45.0292700E-03,+4.8878770024E+00
+714.8800E-06,+47.5920841E-03,+5.1642589138E+00
+715.4000E-06,+44.1247474E-03,+5.0888820291E+00
+715.9200E-06,+46.0996218E-03,+5.0135051443E+00
+716.4400E-06,+48.3458529E-03,+5.0888820291E+00
+716.9600E-06,+48.7905765E-03,+5.1642589138E+00
+717.4800E-06,+48.4890690E-03,+5.1140076577E+00
+718.0000E-06,+45.8885665E-03,+4.8878770024E+00
+718.5200E-06,+46.7478630E-03,+5.0888820291E+00
+719.0400E-06,+47.2378127E-03,+5.0888820291E+00
+719.5600E-06,+47.3131896E-03,+5.0888820291E+00
+720.0800E-06,+47.7579132E-03,+5.0888820291E+00
+720.6000E-06,+47.4262549E-03,+4.8878770024E+00
+721.1200E-06,+47.1172097E-03,+5.0888820291E+00
+721.6400E-06,+46.1523856E-03,+5.2647614271E+00
+722.1600E-06,+47.0041444E-03,+4.9632538871E+00
+722.6800E-06,+48.5644459E-03,+4.8878770024E+00
+723.2000E-06,+48.9111795E-03,+5.0888820291E+00
+723.7200E-06,+47.8559032E-03,+5.0637564004E+00
+724.2400E-06,+47.3207273E-03,+5.0888820291E+00
+724.7600E-06,+46.0468580E-03,+5.0888820291E+00
+725.2800E-06,+47.1925866E-03,+4.8878770024E+00
+725.8000E-06,+46.8684660E-03,+5.0637564004E+00
+726.3200E-06,+47.7956017E-03,+4.9632538871E+00
+726.8400E-06,+46.5895715E-03,+5.0888820291E+00
+727.3600E-06,+45.4815313E-03,+4.9632538871E+00
+727.8800E-06,+46.9739936E-03,+5.2647614271E+00
+728.4000E-06,+47.7805263E-03,+4.9632538871E+00
+728.9200E-06,+45.8282650E-03,+5.0888820291E+00
+729.4400E-06,+46.6498730E-03,+5.0888820291E+00
+729.9600E-06,+49.1222348E-03,+4.8878770024E+00
+730.4800E-06,+44.0493705E-03,+4.9632538871E+00
+731.0000E-06,+48.8207273E-03,+5.0888820291E+00
+731.5200E-06,+46.4614308E-03,+5.0135051443E+00
+732.0400E-06,+45.2026369E-03,+5.1140076577E+00
+732.5600E-06,+48.9413303E-03,+5.2898870558E+00
+733.0800E-06,+45.0820339E-03,+5.0888820291E+00
+733.6000E-06,+46.4765062E-03,+4.7622488604E+00
+734.1200E-06,+49.3709785E-03,+5.2647614271E+00
+734.6400E-06,+46.7252499E-03,+5.0888820291E+00
+735.1600E-06,+48.9940941E-03,+5.0888820291E+00
+735.6800E-06,+47.5468579E-03,+5.0888820291E+00
+736.2000E-06,+44.9689685E-03,+5.0637564004E+00
+736.7200E-06,+47.5694710E-03,+4.9632538871E+00
+737.2400E-06,+45.5493705E-03,+5.0637564004E+00
+737.7600E-06,+48.0971092E-03,+5.0888820291E+00
+738.2800E-06,+48.6322851E-03,+5.0888820291E+00
+738.8000E-06,+46.8609283E-03,+5.0888820291E+00
+739.3200E-06,+44.9463555E-03,+4.9130026310E+00
+739.8400E-06,+47.3508780E-03,+5.0135051443E+00
+740.3600E-06,+45.8734911E-03,+4.9130026310E+00
+740.8800E-06,+47.8935916E-03,+5.0888820291E+00
+741.4000E-06,+46.9287675E-03,+4.9130026310E+00
+741.9200E-06,+46.4991193E-03,+5.0135051443E+00
+742.4400E-06,+47.2001243E-03,+5.2647614271E+00
+742.9600E-06,+47.6523856E-03,+5.0135051443E+00
+743.4800E-06,+48.1197223E-03,+4.9130026310E+00
+744.0000E-06,+46.8157022E-03,+5.0888820291E+00
+744.5200E-06,+45.9940941E-03,+5.0888820291E+00
+745.0400E-06,+46.5368077E-03,+5.0135051444E+00
+745.5600E-06,+46.2654509E-03,+5.0888820291E+00
+746.0800E-06,+49.1674609E-03,+5.1642589138E+00
+746.6000E-06,+46.3785162E-03,+5.0637564004E+00
+747.1200E-06,+45.5795213E-03,+5.1642589138E+00
+747.6400E-06,+48.0368077E-03,+5.0637564004E+00
+748.1600E-06,+47.4790187E-03,+5.0135051444E+00
+748.6800E-06,+48.4589182E-03,+5.0637564004E+00
+749.2000E-06,+47.6900740E-03,+4.9632538871E+00
+749.7200E-06,+44.8709786E-03,+5.0637564004E+00
+750.2400E-06,+45.4438429E-03,+5.2145101711E+00
+750.7600E-06,+45.0292700E-03,+5.2647614271E+00
+751.2800E-06,+46.5066569E-03,+4.8878770024E+00
+751.8000E-06,+47.0342951E-03,+5.0888820291E+00
+752.3200E-06,+47.7202248E-03,+5.0135051444E+00
+752.8400E-06,+45.8282650E-03,+5.2396357984E+00
+753.3600E-06,+46.1222348E-03,+5.0888820291E+00
+753.8800E-06,+44.3056520E-03,+5.2647614271E+00
+754.4000E-06,+46.2126871E-03,+4.8878770024E+00
+754.9200E-06,+44.8408278E-03,+4.8878770024E+00
+755.4400E-06,+45.1272600E-03,+5.0888820291E+00
+755.9600E-06,+44.8935916E-03,+5.0888820291E+00
+756.4800E-06,+49.0619333E-03,+5.0888820291E+00
+757.0000E-06,+48.6548981E-03,+5.2647614271E+00
+757.5200E-06,+45.7755012E-03,+5.0888820291E+00
+758.0400E-06,+48.9564057E-03,+4.9381282597E+00
+758.5600E-06,+47.6825363E-03,+5.0888820291E+00
+759.0800E-06,+45.7227374E-03,+5.2647614271E+00
+759.6000E-06,+46.8684660E-03,+4.9632538870E+00
+760.1200E-06,+45.8056519E-03,+4.8878770024E+00
+760.6400E-06,+46.3634409E-03,+5.0888820291E+00
+761.1600E-06,+48.4664559E-03,+5.0888820291E+00
+761.6800E-06,+46.4312801E-03,+5.0888820291E+00
+762.2000E-06,+46.9212298E-03,+5.0888820291E+00
+762.7200E-06,+45.7378127E-03,+5.2145101711E+00
+763.2400E-06,+46.7478630E-03,+5.0888820291E+00
+763.7600E-06,+48.0443454E-03,+4.9632538870E+00
+764.2800E-06,+47.2604258E-03,+5.0637564004E+00
+764.8000E-06,+45.5418328E-03,+4.8878770024E+00
+765.3200E-06,+46.6498730E-03,+5.0888820291E+00
+765.8400E-06,+46.1222348E-03,+5.0888820291E+00
+766.3600E-06,+47.9614308E-03,+5.2647614271E+00
+766.8800E-06,+47.7880640E-03,+5.0888820291E+00
+767.4000E-06,+47.7428378E-03,+4.9130026310E+00
+767.9200E-06,+45.6775112E-03,+4.9632538870E+00
+768.4400E-06,+46.4915816E-03,+5.1140076577E+00
+768.9600E-06,+47.0945966E-03,+4.9632538870E+00
+769.4800E-06,+45.9714811E-03,+5.0637564004E+00
+770.0000E-06,+46.2503755E-03,+5.0888820291E+00
+770.5200E-06,+45.4287675E-03,+5.2647614271E+00
+771.0400E-06,+46.7780137E-03,+4.8878770024E+00
+771.5600E-06,+48.0669584E-03,+5.2647614271E+00
+772.0800E-06,+47.5543956E-03,+5.0888820291E+00
+772.6000E-06,+45.5719836E-03,+5.0888820291E+00
+773.1200E-06,+47.1624358E-03,+5.2145101711E+00
+773.6400E-06,+43.9739937E-03,+5.0637564004E+00
+774.1600E-06,+45.3307776E-03,+5.0135051444E+00
+774.6800E-06,+47.2981142E-03,+5.2647614271E+00
+775.2000E-06,+49.8533906E-03,+5.0888820291E+00
+775.7200E-06,+49.6724861E-03,+5.0888820291E+00
+776.2400E-06,+45.4966067E-03,+5.1642589137E+00
+776.7600E-06,+45.1649484E-03,+5.2647614271E+00
+777.2800E-06,+47.2227373E-03,+5.0888820291E+00
+777.8000E-06,+45.1800238E-03,+5.0888820291E+00
+778.3200E-06,+48.6925866E-03,+5.2898870558E+00
+778.8400E-06,+49.1448479E-03,+5.0637564004E+00
+779.3600E-06,+46.2202248E-03,+5.0888820291E+00
+779.8800E-06,+49.0543956E-03,+5.0888820291E+00
+780.4000E-06,+46.3709785E-03,+4.8878770024E+00
+780.9200E-06,+45.3609283E-03,+5.0637564004E+00
+781.4400E-06,+48.9262549E-03,+4.9632538870E+00
+781.9600E-06,+45.3232399E-03,+4.9130026310E+00
+782.4800E-06,+46.9363052E-03,+5.0888820291E+00
+783.0000E-06,+48.7001243E-03,+5.2647614271E+00
+783.5200E-06,+45.9262549E-03,+5.2145101711E+00
+784.0400E-06,+47.8257524E-03,+5.0888820291E+00
+784.5600E-06,+46.7026368E-03,+5.0135051444E+00
+785.0800E-06,+47.0192198E-03,+5.0637564004E+00
+785.6000E-06,+46.5895715E-03,+5.0135051444E+00
+786.1200E-06,+46.9664559E-03,+5.2647614271E+00
+786.6400E-06,+46.9589182E-03,+5.0135051444E+00
+787.1600E-06,+47.0644459E-03,+5.0888820291E+00
+787.6800E-06,+46.2579132E-03,+5.0888820291E+00
+788.2000E-06,+45.6473605E-03,+4.9381282598E+00
+788.7200E-06,+45.4589183E-03,+5.0888820291E+00
+789.2400E-06,+46.4991193E-03,+5.0888820291E+00
+789.7600E-06,+46.6800238E-03,+5.0888820291E+00
+790.2800E-06,+46.3935916E-03,+5.2396357984E+00
+790.8000E-06,+45.6473605E-03,+5.0888820291E+00
+791.3200E-06,+44.9991193E-03,+5.0888820291E+00
+791.8400E-06,+47.8332901E-03,+4.9632538870E+00
+792.3600E-06,+46.9513806E-03,+5.0637564004E+00
+792.8800E-06,+46.5217323E-03,+5.2898870558E+00
+793.4000E-06,+47.3961042E-03,+5.0888820291E+00
+793.9200E-06,+45.7302750E-03,+5.2145101711E+00
+794.4400E-06,+45.0292700E-03,+5.0888820291E+00
+794.9600E-06,+47.4639434E-03,+4.9632538870E+00
+795.4800E-06,+45.5870590E-03,+4.8878770024E+00
+796.0000E-06,+45.7528881E-03,+4.9632538870E+00
+796.5200E-06,+45.1046469E-03,+4.8878770024E+00
+797.0400E-06,+47.7654509E-03,+5.0888820291E+00
+797.5600E-06,+47.5091695E-03,+5.0888820291E+00
+798.0800E-06,+46.2956017E-03,+5.0888820291E+00
+798.6000E-06,+44.8182148E-03,+5.0888820291E+00
+799.1200E-06,+48.4363052E-03,+5.0888820291E+00
+799.6400E-06,+47.4940941E-03,+5.0888820291E+00
+800.1600E-06,+47.1398228E-03,+5.0888820291E+00
+800.6800E-06,+45.9413303E-03,+5.0888820291E+00
+801.2000E-06,+46.0016318E-03,+5.0135051444E+00
+801.7200E-06,+48.1121846E-03,+5.0888820291E+00
+802.2400E-06,+47.5317826E-03,+5.2145101711E+00
+802.7600E-06,+48.7755011E-03,+5.0888820291E+00
+803.2800E-06,+48.2930891E-03,+5.2145101711E+00
+803.8000E-06,+45.5116821E-03,+4.9130026311E+00
+804.3200E-06,+48.5041444E-03,+4.9632538870E+00
+804.8400E-06,+47.5317826E-03,+5.0888820291E+00
+805.3600E-06,+45.3383152E-03,+5.1642589137E+00
+805.8800E-06,+46.9815313E-03,+5.1140076578E+00
+806.4000E-06,+46.2126871E-03,+5.0135051444E+00
+806.9200E-06,+47.4564057E-03,+4.9130026311E+00
+807.4400E-06,+46.6649484E-03,+5.0135051444E+00
+807.9600E-06,+46.7177122E-03,+5.0888820291E+00
+808.4800E-06,+46.1448479E-03,+5.0888820291E+00
+809.0000E-06,+45.3910791E-03,+4.9130026311E+00
+809.5200E-06,+46.6347976E-03,+5.0135051444E+00
+810.0400E-06,+47.0418328E-03,+4.9130026311E+00
+810.5600E-06,+47.4337926E-03,+5.2145101711E+00
+811.0800E-06,+46.7704760E-03,+5.0637564003E+00
+811.6000E-06,+46.0317826E-03,+5.0888820291E+00
+812.1200E-06,+45.7453504E-03,+5.0637564003E+00
+812.6400E-06,+46.3709786E-03,+4.8878770024E+00
+813.1600E-06,+47.0719836E-03,+5.0888820291E+00
+813.6800E-06,+47.7503755E-03,+5.0135051444E+00
+814.2000E-06,+49.2353001E-03,+5.1140076578E+00
+814.7200E-06,+48.1347976E-03,+4.8878770024E+00
+815.2400E-06,+48.0217323E-03,+5.0888820291E+00
+815.7600E-06,+47.5016318E-03,+5.0888820291E+00
+816.2800E-06,+48.2478629E-03,+4.9130026311E+00
+816.8000E-06,+47.1850489E-03,+5.0135051444E+00
+817.3200E-06,+46.6800238E-03,+5.0888820291E+00
+817.8400E-06,+47.4940941E-03,+4.9632538870E+00
+818.3600E-06,+48.3383152E-03,+5.0888820291E+00
+818.8800E-06,+48.4363052E-03,+4.9632538870E+00
+819.4000E-06,+48.6172097E-03,+5.0637564003E+00
+819.9200E-06,+45.8131896E-03,+5.0888820291E+00
+820.4400E-06,+45.2101746E-03,+5.0888820291E+00
+820.9600E-06,+46.6046469E-03,+5.0135051444E+00
+821.4800E-06,+45.2930891E-03,+5.0888820291E+00
+822.0000E-06,+48.1498730E-03,+5.0888820291E+00
+822.5200E-06,+48.3081645E-03,+4.6868719757E+00
+823.0400E-06,+48.2554006E-03,+5.0888820291E+00
+823.5600E-06,+49.0393202E-03,+5.0888820291E+00
+824.0800E-06,+49.5594207E-03,+4.9632538870E+00
+824.6000E-06,+45.4363052E-03,+5.0888820291E+00
+825.1200E-06,+45.3006268E-03,+4.9632538870E+00
+825.6400E-06,+45.5644459E-03,+5.0888820291E+00
+826.1600E-06,+47.2302750E-03,+4.9632538870E+00
+826.6800E-06,+46.2277625E-03,+5.0888820291E+00
+827.2000E-06,+47.3584157E-03,+5.2145101712E+00
+827.7200E-06,+48.2327876E-03,+5.0888820291E+00
+828.2400E-06,+47.8785162E-03,+5.1642589137E+00
+828.7600E-06,+45.6398228E-03,+4.9381282599E+00
+829.2800E-06,+47.3961042E-03,+5.1642589137E+00
+829.8000E-06,+47.3131896E-03,+5.0888820291E+00
+830.3200E-06,+46.5895715E-03,+5.0135051445E+00
+830.8400E-06,+46.1523856E-03,+5.0637564003E+00
+831.3600E-06,+47.5845464E-03,+5.2145101712E+00
+831.8800E-06,+45.9488680E-03,+4.9130026311E+00
+832.4000E-06,+46.3559032E-03,+5.0888820291E+00
+832.9200E-06,+46.9363052E-03,+5.0888820291E+00
+833.4400E-06,+47.8332901E-03,+4.7622488603E+00
+833.9600E-06,+48.6850489E-03,+5.0637564003E+00
+834.4800E-06,+46.2126871E-03,+5.2145101712E+00
+835.0000E-06,+46.3785162E-03,+5.0637564003E+00
+835.5200E-06,+46.5368077E-03,+5.2145101712E+00
+836.0400E-06,+48.1875615E-03,+5.0888820291E+00
+836.5600E-06,+48.3910790E-03,+5.1642589136E+00
+837.0800E-06,+46.4915816E-03,+5.0637564003E+00
+837.6000E-06,+45.8282650E-03,+5.0888820291E+00
+838.1200E-06,+46.6046469E-03,+5.0888820291E+00
+838.6400E-06,+45.7001243E-03,+5.0888820291E+00
+839.1600E-06,+46.2277625E-03,+5.2647614270E+00
+839.6800E-06,+47.4262549E-03,+5.0135051445E+00
+840.2000E-06,+44.2378128E-03,+5.0637564003E+00
+840.7200E-06,+46.4011293E-03,+5.0888820291E+00
+841.2400E-06,+49.6724861E-03,+5.0888820291E+00
+841.7600E-06,+45.3157022E-03,+4.9632538869E+00
+842.2800E-06,+44.7503756E-03,+4.9130026311E+00
+842.8000E-06,+45.9488680E-03,+4.9632538869E+00
+843.3200E-06,+44.9463555E-03,+5.0888820291E+00
+843.8400E-06,+44.5996218E-03,+5.0135051445E+00
+844.3600E-06,+44.5091695E-03,+4.9381282599E+00
+844.8800E-06,+46.6574107E-03,+4.9632538869E+00
+845.4000E-06,+46.8081645E-03,+5.0888820291E+00
+845.9200E-06,+46.0393203E-03,+5.0888820291E+00
+846.4400E-06,+47.5543956E-03,+5.2647614270E+00
+846.9600E-06,+47.5920841E-03,+5.0386307715E+00
+847.4800E-06,+46.3785162E-03,+4.9130026311E+00
+848.0000E-06,+47.7353001E-03,+5.0135051445E+00
+848.5200E-06,+45.0443454E-03,+5.0637564003E+00
+849.0400E-06,+47.4337926E-03,+5.0135051445E+00
+849.5600E-06,+47.1021343E-03,+5.0888820291E+00
+850.0800E-06,+47.3282650E-03,+4.9632538869E+00
+850.6000E-06,+46.7177122E-03,+5.0888820291E+00
+851.1200E-06,+46.9287675E-03,+5.1391332866E+00
+851.6400E-06,+47.5845464E-03,+5.0888820291E+00
+852.1600E-06,+46.7403253E-03,+5.1391332866E+00
+852.6800E-06,+46.4388178E-03,+5.1140076578E+00
+853.2000E-06,+47.2453504E-03,+5.0135051445E+00
+853.7200E-06,+46.4991193E-03,+4.9130026311E+00
+854.2400E-06,+47.2227373E-03,+4.9632538869E+00
+854.7600E-06,+46.9438429E-03,+5.0888820291E+00
+855.2800E-06,+45.5041444E-03,+5.0135051445E+00
+855.8000E-06,+46.0770087E-03,+5.0888820291E+00
+856.3200E-06,+46.6649484E-03,+5.0888820291E+00
+856.8400E-06,+46.8835414E-03,+5.0888820291E+00
+857.3600E-06,+46.5368077E-03,+5.1642589136E+00
+857.8800E-06,+46.1297725E-03,+5.0888820291E+00
+858.4000E-06,+47.7202248E-03,+5.0888820291E+00
+858.9200E-06,+48.3609283E-03,+4.9130026311E+00
+859.4400E-06,+47.5242449E-03,+5.0135051445E+00
+859.9600E-06,+46.7554007E-03,+4.9130026311E+00
+860.4800E-06,+48.9337926E-03,+5.0888820291E+00
+861.0000E-06,+45.0669585E-03,+4.8878770024E+00
+861.5200E-06,+47.5317826E-03,+5.0888820291E+00
+862.0400E-06,+45.7755012E-03,+5.0888820291E+00
+862.5600E-06,+46.6800238E-03,+5.2898870558E+00
+863.0800E-06,+45.9036419E-03,+4.8878770024E+00
+863.6000E-06,+48.3081645E-03,+4.9632538869E+00
+864.1200E-06,+49.5518830E-03,+4.9130026312E+00
+864.6400E-06,+45.7905765E-03,+5.1391332866E+00
+865.1600E-06,+44.5016318E-03,+5.2647614270E+00
+865.6800E-06,+48.3684660E-03,+5.0888820291E+00
+866.2000E-06,+47.0644459E-03,+5.0888820291E+00
+866.7200E-06,+45.6925866E-03,+5.0135051445E+00
+867.2400E-06,+45.8433404E-03,+5.0888820291E+00
+867.7600E-06,+46.0770087E-03,+5.0386307715E+00
+868.2800E-06,+47.2830388E-03,+4.9130026312E+00
+868.8000E-06,+47.3131896E-03,+5.0135051445E+00
+869.3200E-06,+47.6071594E-03,+4.9130026312E+00
+869.8400E-06,+46.5820338E-03,+5.0888820291E+00
+870.3600E-06,+46.4011293E-03,+4.8878770024E+00
+870.8800E-06,+46.6423353E-03,+5.0888820291E+00
+871.4000E-06,+46.4765062E-03,+4.9130026312E+00
+871.9200E-06,+46.5141946E-03,+5.0888820291E+00
+872.4400E-06,+47.6448479E-03,+5.0888820291E+00
+872.9600E-06,+46.3709786E-03,+5.1642589136E+00
+873.4800E-06,+46.5443454E-03,+5.0888820291E+00
+874.0000E-06,+46.6800238E-03,+5.0888820291E+00
+874.5200E-06,+47.0342951E-03,+5.1140076579E+00
+875.0400E-06,+46.4237424E-03,+5.2145101712E+00
+875.5600E-06,+46.2277625E-03,+5.0888820291E+00
+876.0800E-06,+45.9714811E-03,+5.0888820291E+00
+876.6000E-06,+45.8961042E-03,+5.2647614269E+00
+877.1200E-06,+47.7428378E-03,+5.0135051445E+00
+877.6400E-06,+48.5870589E-03,+4.9130026312E+00
+878.1600E-06,+45.7302750E-03,+5.0135051445E+00
+878.6800E-06,+47.8483655E-03,+4.8878770024E+00
+879.2000E-06,+46.7252499E-03,+5.1642589136E+00
+879.7200E-06,+47.0342951E-03,+5.0637564002E+00
+880.2400E-06,+47.0192197E-03,+5.0888820291E+00
+880.7600E-06,+46.8157022E-03,+5.2647614269E+00
+881.2800E-06,+46.4614308E-03,+5.0888820291E+00
+881.8000E-06,+46.7855514E-03,+5.0888820291E+00
+882.3200E-06,+44.7805263E-03,+5.0888820291E+00
+882.8400E-06,+49.1976117E-03,+5.0637564002E+00
+883.3600E-06,+46.2729886E-03,+5.0888820291E+00
+883.8800E-06,+47.9991192E-03,+5.0637564002E+00
+884.4000E-06,+45.6172097E-03,+5.0888820291E+00
+884.9200E-06,+44.7880640E-03,+4.9130026312E+00
+885.4400E-06,+47.1473605E-03,+4.9632538869E+00
+885.9600E-06,+49.1071594E-03,+5.0888820291E+00
+886.4800E-06,+49.3860539E-03,+4.8125001178E+00
+887.0000E-06,+47.8257524E-03,+5.0888820291E+00
+887.5200E-06,+46.2353002E-03,+4.9632538869E+00
+888.0400E-06,+44.7126871E-03,+5.0888820291E+00
+888.5600E-06,+48.0368077E-03,+4.8878770024E+00
+889.0800E-06,+44.9086670E-03,+5.2898870558E+00
+889.6000E-06,+48.1574107E-03,+5.0888820291E+00
+890.1200E-06,+47.8709785E-03,+4.8878770024E+00
+890.6400E-06,+44.9614308E-03,+5.0135051445E+00
+891.1600E-06,+47.5167072E-03,+5.0888820291E+00
+891.6800E-06,+46.9966067E-03,+5.0888820291E+00
+892.2000E-06,+46.0619333E-03,+5.0888820291E+00
+892.7200E-06,+47.2905765E-03,+4.8878770024E+00
+893.2400E-06,+45.1498730E-03,+5.0637564002E+00
+893.7600E-06,+47.4413303E-03,+4.9632538869E+00
+894.2800E-06,+47.1322851E-03,+4.9130026312E+00
+894.8000E-06,+46.4011293E-03,+5.0888820291E+00
+895.3200E-06,+46.9363052E-03,+5.0637564002E+00
+895.8400E-06,+46.5820338E-03,+5.0888820291E+00
+896.3600E-06,+46.6875615E-03,+5.0637564002E+00
+896.8800E-06,+46.4237424E-03,+4.8878770024E+00
+897.4000E-06,+46.5594208E-03,+4.9130026312E+00
+897.9200E-06,+47.0493705E-03,+5.0888820291E+00
+898.4400E-06,+46.4312801E-03,+5.0637564002E+00
+898.9600E-06,+46.3332901E-03,+5.0888820291E+00
+899.4800E-06,+46.8081645E-03,+5.0888820291E+00
+900.0000E-06,+47.9614308E-03,+5.0888820291E+00
+900.5200E-06,+48.9488680E-03,+5.2396357981E+00
+901.0400E-06,+47.0644459E-03,+5.0888820291E+00
+901.5600E-06,+45.6172097E-03,+5.0888820291E+00
+902.0800E-06,+44.8106771E-03,+5.0888820291E+00
+902.6000E-06,+44.4187173E-03,+5.0888820291E+00
+903.1200E-06,+48.0744961E-03,+5.0135051446E+00
+903.6400E-06,+48.4664559E-03,+5.0637564002E+00
+904.1600E-06,+48.7227373E-03,+5.0888820291E+00
+904.6800E-06,+48.8961041E-03,+5.0888820291E+00
+905.2000E-06,+45.1197223E-03,+5.0135051446E+00
+905.7200E-06,+48.9714810E-03,+5.0888820291E+00
+906.2400E-06,+46.2579132E-03,+5.0888820291E+00
+906.7600E-06,+45.8885665E-03,+4.9130026312E+00
+907.2800E-06,+47.1548982E-03,+5.0888820291E+00
+907.8000E-06,+46.3860539E-03,+5.0888820291E+00
+908.3200E-06,+43.6649484E-03,+4.9632538869E+00
+908.8400E-06,+48.6322851E-03,+4.7371232334E+00
+909.3600E-06,+47.2453504E-03,+5.2145101713E+00
+909.8800E-06,+45.3910791E-03,+5.0637564002E+00
+910.4000E-06,+44.7654509E-03,+5.0888820291E+00
+910.9200E-06,+44.0795213E-03,+5.2647614269E+00
+911.4400E-06,+44.5543957E-03,+5.0135051446E+00
+911.9600E-06,+47.8483655E-03,+4.9130026312E+00
+912.4800E-06,+47.4337926E-03,+5.0888820291E+00
+913.0000E-06,+48.1649484E-03,+5.0888820291E+00
+913.5200E-06,+45.9262549E-03,+4.9632538869E+00
+914.0400E-06,+46.7780137E-03,+5.2647614269E+00
+914.5600E-06,+45.4739936E-03,+5.0888820291E+00
+915.0800E-06,+45.3307776E-03,+5.0888820291E+00
+915.6000E-06,+46.8232399E-03,+4.9632538868E+00
+916.1200E-06,+47.1096720E-03,+4.9130026312E+00
+916.6400E-06,+46.8081645E-03,+5.0888820291E+00
+917.1600E-06,+45.9865564E-03,+5.0888820291E+00
+917.6800E-06,+46.6875615E-03,+5.0888820291E+00
+918.2000E-06,+47.7428378E-03,+5.0888820291E+00
+918.7200E-06,+46.4915816E-03,+5.0888820291E+00
+919.2400E-06,+47.1247474E-03,+5.0888820291E+00
+919.7600E-06,+46.0770087E-03,+4.9632538868E+00
+920.2800E-06,+45.7001243E-03,+5.0888820291E+00
+920.8000E-06,+48.0669584E-03,+5.0888820291E+00
+921.3200E-06,+48.7604258E-03,+4.9130026312E+00
+921.8400E-06,+45.7679635E-03,+5.2145101713E+00
+922.3600E-06,+48.5569082E-03,+5.2396357980E+00
+922.8800E-06,+47.9765062E-03,+4.9632538868E+00
+923.4000E-06,+45.2554007E-03,+5.0637564002E+00
+923.9200E-06,+45.8961042E-03,+5.1642589135E+00
+924.4400E-06,+46.6875615E-03,+5.0637564002E+00
+924.9600E-06,+46.4915816E-03,+4.9632538868E+00
+925.4800E-06,+45.0971092E-03,+5.0888820291E+00
+926.0000E-06,+46.2503755E-03,+5.0135051446E+00
+926.5200E-06,+45.8358027E-03,+5.0888820291E+00
+927.0400E-06,+46.4840439E-03,+5.1642589135E+00
+927.5600E-06,+47.4865564E-03,+4.9130026312E+00
+928.0800E-06,+44.8408278E-03,+5.0888820291E+00
+928.6000E-06,+44.7428379E-03,+5.0888820291E+00
+929.1200E-06,+45.1649484E-03,+5.0888820291E+00
+929.6400E-06,+49.8232398E-03,+5.0637564002E+00
+930.1600E-06,+47.2830389E-03,+5.0888820291E+00
+930.6800E-06,+47.5242449E-03,+4.9130026312E+00
+931.2000E-06,+44.2604258E-03,+4.9632538868E+00
+931.7200E-06,+48.2780137E-03,+5.0637564002E+00
+932.2400E-06,+48.4363052E-03,+5.0888820291E+00
+932.7600E-06,+46.7930891E-03,+4.9130026312E+00
+933.2800E-06,+45.5644459E-03,+5.2145101713E+00
+933.8000E-06,+46.2353002E-03,+4.9130026312E+00
+934.3200E-06,+46.6649484E-03,+4.9632538868E+00
+934.8400E-06,+45.8282650E-03,+5.0888820291E+00
+935.3600E-06,+46.6272599E-03,+4.9632538868E+00
+935.8800E-06,+46.9212298E-03,+5.0888820291E+00
+936.4000E-06,+47.3659534E-03,+5.2898870558E+00
+936.9200E-06,+44.9237424E-03,+5.0888820291E+00
+937.4400E-06,+46.5518831E-03,+4.9632538868E+00
+937.9600E-06,+46.5217323E-03,+5.2898870558E+00
+938.4800E-06,+47.4488680E-03,+5.2145101713E+00
+939.0000E-06,+46.7704760E-03,+5.0888820291E+00
+939.5200E-06,+46.7252499E-03,+5.0888820291E+00
+940.0400E-06,+46.3860539E-03,+4.9130026312E+00
+940.5600E-06,+48.2930891E-03,+4.9130026290E+00
+941.0800E-06,+47.3207273E-03,+4.8878770024E+00
+941.6000E-06,+46.2956017E-03,+5.0888820291E+00
+942.1200E-06,+46.6046469E-03,+4.9130026313E+00
+942.6400E-06,+47.7729886E-03,+5.0888820291E+00
+943.1600E-06,+45.7076620E-03,+4.9130026313E+00
+943.6800E-06,+46.6724861E-03,+5.0888820291E+00
+944.2000E-06,+45.4739936E-03,+5.0637564002E+00
+944.7200E-06,+46.5368077E-03,+5.0888820291E+00
+945.2400E-06,+49.2805263E-03,+5.2396357980E+00
+945.7600E-06,+46.2428378E-03,+5.0888820291E+00
+946.2800E-06,+45.2780138E-03,+4.9130026313E+00
+946.8000E-06,+48.6247474E-03,+5.0888820291E+00
+947.3200E-06,+45.0744962E-03,+5.2647614269E+00
+947.8400E-06,+47.4790188E-03,+5.0888820291E+00
+948.3600E-06,+45.6473605E-03,+5.0888820291E+00
+948.8800E-06,+48.9413303E-03,+5.0135051446E+00
+949.4000E-06,+47.7956016E-03,+5.0637564002E+00
+949.9200E-06,+46.0845464E-03,+5.0888820291E+00
+950.4400E-06,+46.7177122E-03,+4.8878770024E+00
+950.9600E-06,+48.4589182E-03,+5.0135051446E+00
+951.4800E-06,+45.7076620E-03,+5.0888820291E+00
+952.0000E-06,+47.5543956E-03,+5.0135051446E+00
+952.5200E-06,+47.9765062E-03,+5.0888820291E+00
+953.0400E-06,+47.7503755E-03,+4.8878770024E+00
+953.5600E-06,+47.7428378E-03,+5.0637564001E+00
+954.0800E-06,+44.9689685E-03,+5.0135051446E+00
+954.6000E-06,+44.9312801E-03,+5.0888820291E+00
+955.1200E-06,+48.0820338E-03,+4.8878770024E+00
+955.6400E-06,+46.4840439E-03,+5.0888820291E+00
+956.1600E-06,+47.7126871E-03,+4.8878770024E+00
+956.6800E-06,+47.5996218E-03,+5.0637564001E+00
+957.2000E-06,+47.7805263E-03,+5.0888820291E+00
+957.7200E-06,+47.4714811E-03,+5.0888820291E+00
+958.2400E-06,+47.7353002E-03,+5.0888820291E+00
+958.7600E-06,+46.6950992E-03,+4.9130026313E+00
+959.2800E-06,+46.3785162E-03,+5.0888820291E+00
+959.8000E-06,+45.8810288E-03,+4.9130026313E+00
+960.3200E-06,+46.8081645E-03,+4.9632538868E+00
+960.8400E-06,+47.2679635E-03,+5.0637564001E+00
+961.3600E-06,+47.2453504E-03,+5.1391332869E+00
+961.8800E-06,+47.0644459E-03,+5.2647614268E+00
+962.4000E-06,+47.5016318E-03,+5.0888820291E+00
+962.9200E-06,+48.0141946E-03,+5.0888820291E+00
+963.4400E-06,+45.8056519E-03,+4.8878770024E+00
+963.9600E-06,+48.0820338E-03,+5.2647614268E+00
+964.4800E-06,+47.3358027E-03,+5.0888820291E+00
+965.0000E-06,+47.1925866E-03,+4.9130026313E+00
+965.5200E-06,+47.8634409E-03,+5.1391332869E+00
+966.0400E-06,+48.8508780E-03,+5.0888820291E+00
+966.5600E-06,+47.4714811E-03,+5.0135051446E+00
+967.0800E-06,+47.3358027E-03,+5.0637564001E+00
+967.6000E-06,+44.9765062E-03,+5.0888820291E+00
+968.1200E-06,+45.6850489E-03,+5.0637564001E+00
+968.6400E-06,+47.2981142E-03,+4.9632538868E+00
+969.1600E-06,+45.4287675E-03,+5.1140076580E+00
+969.6800E-06,+48.3006268E-03,+5.0888820291E+00
+970.2000E-06,+45.6322851E-03,+4.8878770024E+00
+970.7200E-06,+48.3835414E-03,+4.9632538868E+00
+971.2400E-06,+49.4765061E-03,+4.9130026313E+00
+971.7600E-06,+47.1473605E-03,+5.0135051446E+00
+972.2800E-06,+45.2930891E-03,+63.7563616E-03
+972.8000E-06,+47.1021343E-03,-61.8717807E-03
+973.3200E-06,+46.5292700E-03,+63.7563616E-03
+973.8400E-06,+46.5217323E-03,-61.8717807E-03
+974.3600E-06,+47.3885665E-03,-137.2486651E-03
+974.8800E-06,+44.7277625E-03,-137.2486651E-03
+975.4000E-06,+48.6172097E-03,+88.8819905E-03
+975.9200E-06,+46.7177122E-03,-11.6205228E-03
+976.4400E-06,+45.1724861E-03,+63.7563616E-03
+976.9600E-06,+45.0141947E-03,-61.8717807E-03
+977.4800E-06,+46.1674610E-03,+38.6307327E-03
+978.0000E-06,+46.5971092E-03,-61.8717807E-03
+978.5200E-06,+47.6297725E-03,+38.6307327E-03
+979.0400E-06,+48.0217323E-03,-61.8717807E-03
+979.5600E-06,+46.0317826E-03,-137.2486651E-03
+980.0800E-06,+45.4287675E-03,-11.6205228E-03
+980.6000E-06,+44.5694710E-03,+63.7563616E-03
+981.1200E-06,+47.8483655E-03,-137.2486651E-03
+981.6400E-06,+47.8559032E-03,+63.7563616E-03
+982.1600E-06,+46.9966067E-03,-137.2486651E-03
+982.6800E-06,+46.7930891E-03,+38.6307327E-03
+983.2000E-06,+47.2830388E-03,-11.6205228E-03
+983.7200E-06,+46.9136921E-03,+38.6307327E-03
+984.2400E-06,+48.1121846E-03,-137.2486651E-03
+984.7600E-06,+46.3634409E-03,+38.6307327E-03
+985.2800E-06,+47.0493705E-03,-11.6205228E-03
+985.8000E-06,+46.7629383E-03,+63.7563616E-03
+986.3200E-06,+46.5443454E-03,+13.5051037E-03
+986.8400E-06,+46.0996218E-03,+214.5101304E-03
+987.3600E-06,+45.8056519E-03,+63.7563616E-03
+987.8800E-06,+46.7780137E-03,+63.7563616E-03
+988.4000E-06,+46.4463554E-03,-137.2486651E-03
+988.9200E-06,+46.5292700E-03,+239.6357594E-03
+989.4400E-06,+46.7403253E-03,-61.8717807E-03
+989.9600E-06,+47.1172097E-03,+88.8819906E-03
+990.4800E-06,+46.7327876E-03,-61.8717807E-03
+991.0000E-06,+46.6875615E-03,-112.1230361E-03
+991.5200E-06,+46.7629384E-03,+63.7563616E-03
+992.0400E-06,+45.4287675E-03,-137.2486651E-03
+992.5600E-06,+46.0694710E-03,-137.2486651E-03
+993.0800E-06,+46.9363052E-03,+63.7563616E-03
+993.6000E-06,+46.5217323E-03,-11.6205228E-03
+994.1200E-06,+45.6699735E-03,+63.7563616E-03
+994.6400E-06,+45.7905766E-03,-262.8768074E-03
+995.1600E-06,+44.8031394E-03,+38.6307326E-03
+995.6800E-06,+46.9212298E-03,-86.9974072E-03
+996.2000E-06,+48.8433403E-03,-112.1230361E-03
+996.7200E-06,+46.9212298E-03,-137.2486651E-03
+997.2400E-06,+46.8458529E-03,+63.7563616E-03
+997.7600E-06,+44.9086670E-03,-137.2486651E-03
+998.2800E-06,+44.3207273E-03,+63.7563616E-03
+998.8000E-06,+48.4966067E-03,-137.2486651E-03
+999.3200E-06,+45.1046469E-03,+239.6357593E-03
+999.8400E-06,+45.6172097E-03,+63.7563616E-03
+1.0003600E-03,+47.4413303E-03,+63.7563616E-03
+1.0008800E-03,+47.4036419E-03,-11.6205228E-03
+1.0014000E-03,+48.4136921E-03,+38.6307326E-03
+1.0019200E-03,+46.4011293E-03,+63.7563616E-03
+1.0024400E-03,+45.1121846E-03,-313.1280628E-03
+1.0029600E-03,+45.9036419E-03,-187.4999230E-03
+1.0034800E-03,+45.7905766E-03,+63.7563616E-03
